,end station name,end station id,end station latitude,end station longitude,count
0,1 Ave & E 110 St,3496.0,40.7923272,-73.9383,13841
1,1 Ave & E 16 St,504.0,40.73221853,-73.98165557,81620
2,1 Ave & E 18 St,2003.0,40.73381219196632,-73.98054420948029,59782
3,1 Ave & E 30 St,536.0,40.74144387,-73.97536082,42989
4,1 Ave & E 44 St,455.0,40.75001986,-73.96905301,36189
5,1 Ave & E 5 St,3744.0,40.725864,-73.986389,600
6,1 Ave & E 62 St,3142.0,40.7612274,-73.96094022,47694
7,1 Ave & E 68 St,3141.0,40.76500525,-73.95818491,64430
8,1 Ave & E 78 St,3140.0,40.77140426,-73.9535166,47910
9,1 Ave & E 94 St,3312.0,40.7817212,-73.94594,15959
10,1 Pl & Clinton St,3386.0,40.6809591,-73.99905709,9976
11,10 Ave & W 28 St,489.0,40.75066386,-74.00176802,40637
12,10 Hudson Yards,3441.0,40.752957,-74.00264,4150
13,10 St & 2 Ave,3795.0,40.671907,-73.993612,1972
14,10 St & 5 Ave,3317.0,40.6686273,-73.98700053,7243
15,10 St & 7 Ave,3306.0,40.6662078,-73.98199886,10304
16,11 Ave & W 27 St,458.0,40.751396,-74.005226,69957
17,11 Ave & W 41 St,478.0,40.76030096,-73.99884222,58528
18,11 Ave & W 59 St,530.0,40.77149671054441,-73.99046033620834,54609
19,11 St & 35 Ave,3567.0,40.7627442,-73.9391141,1355
20,11 St & 43 Ave,3620.0,40.7519071,-73.9479119,2736
21,12 Ave & W 125 St,3881.0,40.818299,-73.960405,890
22,12 Ave & W 40 St,514.0,40.76087502,-74.00277668,103748
23,12 St & 4 Ave,3322.0,40.668603,-73.9904394,3614
24,14 St & 5 Ave,3319.0,40.666287,-73.98895053,12176
25,14 St & 7 Ave,3310.0,40.663779,-73.98396846,11098
26,19 St & 24 Ave,3524.0,40.7774552,-73.9225403,6430
27,2 Ave & 36 St - Citi Bike HQ at Industry City,3478.0,40.65708866668485,-74.00870203971863,6355
28,2 Ave & 9 St,3401.0,40.6724811,-73.99331394,1346
29,2 Ave & E 104 St,3425.0,40.7892105,-73.94370784,13164
30,2 Ave & E 122 St,3499.0,40.8006721,-73.9349,5377
31,2 Ave & E 31 St,528.0,40.74290902,-73.97706058,61671
32,2 Ave & E 72 St,3725.0,40.7687620293096,-73.95840793848038,29369
33,2 Ave & E 96 St,3318.0,40.7839636,-73.9471673,26813
34,2 Ave & E 99 St,3338.0,40.7862586,-73.94552579,8438
35,21 St & 31 Dr,3591.0,40.7659,-73.930819,6744
36,21 St & 36 Ave,3564.0,40.7601853,-73.9362726,1803
37,21 St & 38 Ave,3559.0,40.7576314,-73.9391224,1747
38,21 St & 43 Ave,3128.0,40.75052534,-73.94594845,4130
39,21 St & Hoyt Ave S,3513.0,40.774645,-73.923706,3881
40,21 St & Queens Plaza North,3130.0,40.75325964,-73.94335788,9978
41,23 Ave & 27 St,3525.0,40.776165,-73.9153175,3170
42,24 Ave & 26 St,3515.0,40.774591,-73.918544,5520
43,24 Ave & 29 St,3523.0,40.7729,-73.916142,4606
44,24 St & 41 Ave,3556.0,40.7527085,-73.9397405,6199
45,27 Ave & 3 St,3811.0,40.77485,-73.9342,686
46,27 Ave & 4 St,3512.0,40.7747175,-73.9337894,1167
47,27 Ave & 9 St,3621.0,40.7739825,-73.9309134,3807
48,27 St & Hunter St,3618.0,40.7485,-73.941275,7858
49,28 Ave & 35 St,3617.0,40.7671,-73.9169858,6220
50,28 Ave & 44 St,3691.0,40.76408932350688,-73.91065120697021,5584
51,28 St & 36 Ave,3563.0,40.757186,-73.932719,4161
52,28 St & 38 Ave,3560.0,40.754876,-73.934326,4484
53,28 St & 41 Ave,3555.0,40.751047,-73.93797,10726
54,3 Ave & 14 St,3324.0,40.6685455,-73.99333264,5849
55,3 Ave & Carroll St,3762.0,40.677027,-73.9865,5005
56,3 Ave & E 100 St,3327.0,40.7877214,-73.94728331,4995
57,3 Ave & E 112 St,3551.0,40.795508,-73.941606,4724
58,3 Ave & E 62 St,3134.0,40.76312584,-73.96526895,24632
59,3 Ave & E 71 St,3152.0,40.76873687,-73.96119945,10031
60,3 Ave & E 72 St,3375.0,40.7699426,-73.96060712,11663
61,3 Ave & E 95 St,3675.0,40.78459679884892,-73.94968539476395,7603
62,3 Ave & Schermerhorn St,298.0,40.68683208,-73.9796772,18015
63,3 St & 3 Ave,3373.0,40.6750705,-73.98775226,13579
64,3 St & 7 Ave,3365.0,40.6703837,-73.97839676,13520
65,3 St & Hoyt St,3381.0,40.6777287,-73.99364123,6860
66,3 St & Prospect Park West,3354.0,40.668132,-73.97363831,16977
67,30 Ave & 21 St,3612.0,40.7703743,-73.9286078,3843
68,31 Ave & 14 St,3607.0,40.7682,-73.9322662,3546
69,31 Ave & 30 St,3603.0,40.7647,-73.9240312,5311
70,31 Ave & 34 St,3602.0,40.763154,-73.920827,8895
71,31 Ave & Crescent St,3605.0,40.7658346,-73.9265474,5462
72,31 Ave & Steinway St,3662.0,40.761293897289086,-73.916916847229,7639
73,31 St & 23 Ave,3526.0,40.7747878,-73.9125551,17973
74,31 St & 35 Ave,3653.0,40.75820464696758,-73.92832159996033,344
75,31 St & Astoria Blvd,3516.0,40.7699176,-73.9184057,6739
76,31 St & Broadway,3593.0,40.761584,-73.925921,15694
77,31 St & Hoyt Ave N,3517.0,40.7711528,-73.9170074,3567
78,31 St & Newtown Ave,3721.0,40.7675487799971,-73.9209334552288,17417
79,31 St & Northern Blvd,3654.0,40.75186951421875,-73.93349289894103,4247
80,31 St & Thomson Ave,3123.0,40.74469738,-73.93540375,5435
81,34 Ave & 13 St,3586.0,40.7638753,-73.9364848,2149
82,34 Ave & 21 St,3577.0,40.7628138,-73.9342862,3476
83,34 Ave & 38 St,3572.0,40.756913,-73.921631,13925
84,34 St & 35 Ave,3568.0,40.7569332,-73.9262231,4728
85,35 Ave & 10 St,3646.0,40.76315481910373,-73.93985509872437,4178
86,35 Ave & 37 St,3570.0,40.7557327,-73.9236611,6120
87,35 St & 34 Ave,3573.0,40.7580583,-73.9242751,4283
88,35 St & Broadway,3595.0,40.760339,-73.9222427,5441
89,36 Ave & 10 St,3565.0,40.7614376,-73.9411265,4647
90,36 Ave & 31 St,3745.0,40.75651272984955,-73.92957486212252,6390
91,37 Ave & 35 St,3561.0,40.7531106,-73.9279917,4364
92,37 St & 24 Ave,3522.0,40.7701477,-73.9120938,3623
93,38 Ave & 29 St,3892.0,40.75473,-73.93367,290
94,39 St & 2 Ave - Citi Bike HQ at Industry City,3477.0,40.65539977447831,-74.01062786579132,3182
95,4 Ave & 2 St,3371.0,40.674613422475815,-73.98501142859459,1399
96,4 Ave & 9 St,3403.0,40.6705135,-73.98876585,10215
97,40 Ave & 9 St,3557.0,40.75742,-73.945133,3630
98,40 Ave & Crescent St,3716.0,40.7535992020056,-73.93795609474182,2331
99,43 St & Broadway,3597.0,40.7577284,-73.9166368,7734
100,44 Dr & 21 St,3615.0,40.748,-73.9460927,11814
101,44 Dr & Jackson Ave,3126.0,40.74718234,-73.9432635,15586
102,45 Rd & 11 St,3125.0,40.74708586,-73.94977234,12384
103,46 Ave & 5 St,3124.0,40.74731,-73.95451,18331
104,47 Ave & 31 St,3221.0,40.743,-73.93561,4843
105,47 Ave & Skillman Ave,3704.0,40.7437524099784,-73.94176483154297,1947
106,48 Ave & 30 Pl,3647.0,40.74128309355993,-73.93725872039794,2398
107,48 Ave & 5 St,3122.0,40.74436328706688,-73.9558732509613,4565
108,49 Ave & 21 St,3606.0,40.74252,-73.948852,5793
109,5 Ave & 3 St,3368.0,40.6728155,-73.98352355,17967
110,5 Ave & E 103 St,3367.0,40.7922553,-73.95249933,25156
111,5 Ave & E 126 St,3527.0,40.80698,-73.941747,6460
112,5 Ave & E 29 St,474.0,40.7451677,-73.98683077,58717
113,5 Ave & E 63 St,3136.0,40.766368,-73.971518,21489
114,5 Ave & E 73 St,3137.0,40.77282817,-73.96685276,53284
115,5 Ave & E 78 St,3143.0,40.77632142182271,-73.96427392959595,39063
116,5 Ave & E 88 St,3282.0,40.78307,-73.95939,55329
117,5 Ave & E 93 St,3292.0,40.7857851,-73.957481,19199
118,5 St & 51 Ave,3608.0,40.7423737,-73.9566,4406
119,5 St & 6 Ave,3405.0,40.6704836,-73.98208968,6475
120,5 St & Market St,3692.0,40.6999974843885,-73.97440128028393,4482
121,58th St Depot,3250.0,40.71690978045965,-73.98383796215057,4
122,6 Ave & 12 St,3313.0,40.6663181,-73.9854617,7718
123,6 Ave & 9 St,3304.0,40.668127,-73.98377641,13338
124,6 Ave & Broome St,3746.0,40.724308321602166,-74.00473035871983,47887
125,6 Ave & Canal St,377.0,40.72243797,-74.00566443,57865
126,6 Ave & Spring St,3474.0,40.7252556952547,-74.00412082672119,5330
127,6 Ave & W 33 St,505.0,40.74901271,-73.98848395,75926
128,6 Ave & W 34 St,3799.0,40.74964,-73.98805,19990
129,6 St & 7 Ave,3297.0,40.6686627,-73.97988067,8091
130,7 Ave & Central Park South,3724.0,40.7667405590595,-73.9790689945221,52240
131,7 Ave & Park Pl,3416.0,40.6776147,-73.97324283,20596
132,7 St & 3 Ave,3399.0,40.67260298150126,-73.98983001708984,6775
133,7 St & 5 Ave,3404.0,40.6704922,-73.98541675,8072
134,8 Ave & W 31 St,3255.0,40.7505853470215,-73.9946848154068,121631
135,8 Ave & W 33 St,490.0,40.751551,-73.993934,94567
136,8 Ave & W 52 St,447.0,40.76370739,-73.9851615,56549
137,9 Ave & W 18 St,434.0,40.74317449,-74.00366443,30414
138,9 Ave & W 22 St,509.0,40.7454973,-74.00197139,47741
139,9 Ave & W 28 St,3259.0,40.74937024193277,-73.99923384189606,44875
140,9 Ave & W 45 St,479.0,40.76019252,-73.9912551,63942
141,9 St & 44 Rd,3127.0,40.74966,-73.9521,5500
142,Adam Clayton Powell Blvd & W 115 St,3511.0,40.802535,-73.9532423,5056
143,Adam Clayton Powell Blvd & W 118 St,3520.0,40.804372,-73.951475,7441
144,Adam Clayton Powell Blvd & W 123 St,3510.0,40.8078316,-73.949373,9105
145,Adam Clayton Powell Blvd & W 126 St,3629.0,40.80949534777948,-73.94776493310928,8351
146,Adelphi St & Myrtle Ave,270.0,40.69308257,-73.97178913,19185
147,Albany Ave & Fulton St,3044.0,40.6800105,-73.938475,2898
148,Allen St & Hester St,361.0,40.71605866,-73.99190759,51259
149,Allen St & Rivington St,401.0,40.72019576,-73.98997825,53990
150,Allen St & Stanton St,312.0,40.722055,-73.989111,66318
151,Amsterdam Ave & W 119 St,3542.0,40.8086249,-73.9596214,7873
152,Amsterdam Ave & W 125 St,3541.0,40.813358,-73.956461,7977
153,Amsterdam Ave & W 66 St,3356.0,40.7746671,-73.98470567,18910
154,Amsterdam Ave & W 73 St,3167.0,40.77966809007312,-73.98093044757842,53738
155,Amsterdam Ave & W 79 St,3360.0,40.7829391,-73.9786517,32497
156,Amsterdam Ave & W 82 St,3171.0,40.78524672,-73.97667321,31063
157,Astoria Park S & Shore Blvd,3514.0,40.7767,-73.927631,6139
158,Atlantic Ave & Fort Greene Pl,83.0,40.68382604,-73.97632328,19515
159,Atlantic Ave & Furman St,398.0,40.69165183,-73.9999786,26985
160,Avenue C & E 18 St,3733.0,40.730563,-73.973984,25382
161,Avenue D & E 12 St,339.0,40.72580614,-73.97422494,17050
162,Avenue D & E 3 St,302.0,40.72082834,-73.97793172,26868
163,Avenue D & E 8 St,266.0,40.72368361,-73.97574813,23013
164,Baltic St & 5 Ave,3417.0,40.6795766,-73.97854971,15341
165,Bank St & Hudson St,346.0,40.73652889,-74.00618026,40920
166,Bank St & Washington St,238.0,40.7361967,-74.00859207,36653
167,Banker St & Meserole Ave,3109.0,40.72606,-73.95621,15596
168,Barclay St & Church St,417.0,40.71291224,-74.01020234,43255
169,Barrow St & Hudson St,127.0,40.73172428,-74.00674436,63589
170,Battery Pl & Greenwich St,3908.0,40.70463,-74.01507,1670
171,Bayard St & Baxter St,355.0,40.71602118,-73.99974372,40047
172,Bayard St & Leonard St,3452.0,40.71915571696044,-73.94885390996933,11707
173,Beaver St & Fayette St,3823.0,40.70099,-73.93921,906
174,Bedford Ave & Bergen St,3571.0,40.676368,-73.952918,12969
175,Bedford Ave & Montgomery St,3803.0,40.665816,-73.956934,1265
176,Bedford Ave & Nassau Ave,3107.0,40.72311651,-73.95212324,27448
177,Bedford Ave & S 9 St,443.0,40.70853074,-73.96408963,6647
178,Bergen St & Flatbush Ave,3414.0,40.680944723477296,-73.97567331790923,15909
179,Bergen St & Smith St,3409.0,40.6867443,-73.99063168,37259
180,Bergen St & Vanderbilt Ave,3558.0,40.6794388,-73.9680438,16216
181,Berkeley Pl & 6 Ave,3339.0,40.6765304,-73.97846879,9707
182,Berkeley Pl & 7 Ave,3346.0,40.675146838709786,-73.97523209452629,21840
183,Berry St & N 8 St,3092.0,40.7190095,-73.95852515,30748
184,Bialystoker Pl & Delancey St,356.0,40.71622644,-73.98261206,18261
185,Boerum St & Broadway,3071.0,40.70538077,-73.94976519,8752
186,Bond St & Bergen St,3411.0,40.6849668,-73.98620772,12542
187,Bond St & Fulton St,3232.0,40.68962188790333,-73.98304268717766,31386
188,Broad St & Bridge St,260.0,40.70365182,-74.01167797,16665
189,Broadway & 12 St,3589.0,40.7668,-73.9347774,4777
190,Broadway & Battery Pl,304.0,40.70463334,-74.01361706,53226
191,Broadway & Berry St,389.0,40.71044554,-73.96525063,26406
192,Broadway & E 14 St,285.0,40.73454567,-73.99074142,114178
193,Broadway & E 22 St,402.0,40.7403432,-73.98955109,123146
194,Broadway & Furman Ave,3825.0,40.68139,-73.90756,28
195,Broadway & Hancock St,3831.0,40.68663,-73.9168,99
196,Broadway & Kosciuszko St,3837.0,40.69329,-73.92852,409
197,Broadway & Madison St,3879.0,40.68822,-73.91966,211
198,Broadway & Moylan Pl,3547.0,40.8143256,-73.9590255,16231
199,Broadway & Roebling St,3078.0,40.70924826276157,-73.96063148975372,21815
200,Broadway & W 122 St,3545.0,40.8120562,-73.9612547,6053
201,Broadway & W 25 St,3641.0,40.74286877312112,-73.98918628692627,88210
202,Broadway & W 29 St,486.0,40.7462009,-73.98855723,71764
203,Broadway & W 32 St,498.0,40.74854862,-73.98808416,17288
204,Broadway & W 36 St,267.0,40.75097711,-73.98765428,29892
205,Broadway & W 37 St,362.0,40.75172632,-73.98753523,37034
206,Broadway & W 38 St,533.0,40.75299641,-73.98721619,45652
207,Broadway & W 41 St,465.0,40.75513557,-73.98658032,83413
208,Broadway & W 49 St,173.0,40.76068327096592,-73.9845272898674,68953
209,Broadway & W 51 St,500.0,40.76228826,-73.98336183,40304
210,Broadway & W 53 St,469.0,40.76344058,-73.98268129,42253
211,Broadway & W 56 St,468.0,40.7652654,-73.98192338,67081
212,Broadway & W 60 St,499.0,40.76915505,-73.98191841,99931
213,Broadway & Whipple St,3067.0,40.7016657,-73.9437303,9117
214,Brooklyn Bridge Park - Pier 2,3782.0,40.698458,-73.997178,7419
215,Brunswick St,3209.0,40.7241765,-74.0506564,1
216,Bus Slip & State St,427.0,40.701907,-74.013942,29511
217,Bushwick Ave & Dekalb Ave,3842.0,40.69502,-73.92825,761
218,Bushwick Ave & Forrest St,3822.0,40.70076,-73.93641,414
219,Bushwick Ave & Furman Ave,3871.0,40.68281,-73.90623,45
220,Bushwick Ave & Harman St,3838.0,40.69356,-73.92524,292
221,Bushwick Ave & Linden St,3836.0,40.69146,-73.92146,212
222,Bushwick Ave & McKibbin St,3764.0,40.705517,-73.93936,2484
223,Bushwick Ave & Powers St,3083.0,40.71247661,-73.94100005,9240
224,Bushwick Ave & Stagg St,3765.0,40.709897,-73.94008,1445
225,Butler St & Court St,3303.0,40.6849894,-73.99440329,9946
226,Cadman Plaza E & Johnson St,3723.0,40.69531727766904,-73.99015724658966,12987
227,Cadman Plaza E & Red Cross Pl,321.0,40.69991755,-73.98971773,25317
228,Cadman Plaza E & Tillary St,232.0,40.69597683,-73.99014892,1
229,Cadman Plaza West & Montague St,314.0,40.69383,-73.990539,19197
230,Calyer St & Jewel St,3818.0,40.72984,-73.94839,861
231,Cambridge Pl & Gates Ave,3049.0,40.68488,-73.96304,9208
232,Canal St & Rutgers St,307.0,40.71427487,-73.98990025,62730
233,Carlton Ave & Dean St,3537.0,40.6809741,-73.9710097,13461
234,Carlton Ave & Flushing Ave,242.0,40.697787,-73.973736,13356
235,Carlton Ave & Park Ave,419.0,40.69580705,-73.97355569,11136
236,Carmine St & 6 Ave,368.0,40.73038599,-74.00214988,77932
237,Carroll St & 5 Ave,3364.0,40.6751622,-73.9814832,15302
238,Carroll St & 6 Ave,3361.0,40.6740886,-73.9787282,12779
239,Carroll St & Bond St,3377.0,40.6786115,-73.99037292,12868
240,Carroll St & Columbia St,3389.0,40.6830456,-74.00348559,11494
241,Carroll St & Franklin Ave,3590.0,40.6679411,-73.9588,2423
242,Carroll St & Smith St,3382.0,40.680611,-73.99475825,19553
243,Carroll St & Washington Ave,3587.0,40.6686744,-73.9618148,3869
244,Cathedral Pkwy & Broadway,3383.0,40.804213,-73.96699104,17295
245,Catherine St & Monroe St,2009.0,40.71117444,-73.99682619,25594
246,Cedar St & Evergreen Ave,3847.0,40.69671,-73.92807,156
247,Cedar St & Myrtle Ave,3761.0,40.697842,-73.926241,6060
248,Center Blvd & 48 Ave,3613.0,40.745038,-73.957539,8662
249,Center Blvd & 51 Ave,3726.0,40.74336608027021,-73.95960688591003,8956
250,Central Ave & Covert St,3864.0,40.68929,-73.90951,163
251,Central Ave & Decatur St,3829.0,40.6882,-73.90798,101
252,Central Ave & Flushing Ave,3770.0,40.702831,-73.9333,3641
253,Central Ave & Himrod St,3846.0,40.69676,-73.92302,212
254,Central Ave & Melrose St,3907.0,40.70112,-73.93039,35
255,Central Ave & Starr Street,3776.0,40.700003,-73.92834,4636
256,Central Ave & Weirfield St,3832.0,40.69055,-73.91181,160
257,Central Ave & Woodbine St,3863.0,40.69296,-73.91605,290
258,Central Park North & Adam Clayton Powell Blvd,3374.0,40.799484,-73.955613,37852
259,Central Park S & 6 Ave,2006.0,40.76590936,-73.97634151,73975
260,Central Park W & W 96 St,3295.0,40.79127,-73.964839,35679
261,Central Park West & W 100 St,3320.0,40.79406660818552,-73.96286845207214,21474
262,Central Park West & W 102 St,3341.0,40.795346,-73.96186,9594
263,Central Park West & W 68 St,3163.0,40.7734066,-73.97782542,46583
264,Central Park West & W 72 St,3165.0,40.77579376683666,-73.9762057363987,55856
265,Central Park West & W 76 St,3160.0,40.77896784,-73.97374737,32501
266,Central Park West & W 82 St,3810.0,40.782593,-73.971211,10049
267,Central Park West & W 85 St,3168.0,40.78472675,-73.96961715,41238
268,Centre St & Chambers St,387.0,40.71273266,-74.0046073,61562
269,Centre St & Seneca Ave,3884.0,40.69969,-73.9022,10
270,Centre St & Worth St,386.0,40.71494807,-74.00234482,24955
271,Cherry St,332.0,40.71219906,-73.97948148,24951
272,Christopher St & Greenwich St,358.0,40.73291553,-74.00711384,101823
273,City Hall,3185.0,40.7177325,-74.043845,10
274,Clark St & Henry St,391.0,40.69760127,-73.99344559,26809
275,Classon Ave & St Marks Ave,3562.0,40.6765198,-73.9596082,12788
276,Clermont Ave & Lafayette Ave,420.0,40.68764484,-73.96968902,9924
277,Clermont Ave & Park Ave,421.0,40.69573398,-73.97129668,9079
278,Cleveland Pl & Spring St,151.0,40.722103786686034,-73.99724900722504,85294
279,Cliff St & Fulton St,3701.0,40.70831794366396,-74.00504082441329,12300
280,Cliff St & Fulton St,3783.0,40.70838,-74.00495,19104
281,Cliff St & Fulton St (Old),3701.0,40.70831794366396,-74.00504082441329,1629
282,Clinton Ave & Flushing Ave,343.0,40.69794,-73.96986848,9704
283,Clinton Ave & Myrtle Ave,366.0,40.693261,-73.968896,21604
284,Clinton St & 4 Place,3396.0,40.6783563,-74.00014502,9878
285,Clinton St & Centre St,3326.0,40.67434,-74.00194698,2950
286,Clinton St & Grand St,350.0,40.71559509,-73.9870295,56102
287,Clinton St & Joralemon St,143.0,40.69239502,-73.99337909,24639
288,Clinton St & Union St,3321.0,40.6831164,-73.99785267,12290
289,Coffey St & Conover St,3348.0,40.677236,-74.015665,6371
290,Columbia Heights & Cranberry St,216.0,40.70037867,-73.99548059,8485
291,Columbia St & Degraw St,3422.0,40.6859296,-74.00242364,11465
292,Columbia St & Kane St,3311.0,40.68763155,-74.0016256,10055
293,Columbia St & Lorraine St,3333.0,40.6747055,-74.0075572,1875
294,Columbia St & Rivington St,342.0,40.71739973,-73.98016555,23018
295,Columbia St & W 9 St,3394.0,40.6769993,-74.00647134,3281
296,Columbus Ave & W 103 St,3302.0,40.7969347,-73.9643412291,4479
297,Columbus Ave & W 72 St,3164.0,40.7770575,-73.97898475,51822
298,Columbus Ave & W 95 St,3301.0,40.7919557,-73.968087,33257
299,Columbus Drive,3275.0,40.71835519823214,-74.03891444206238,4
300,Commerce St & Van Brunt St,3392.0,40.6812117,-74.00860912,4249
301,Concord St & Bridge St,278.0,40.69766564,-73.98476437,9805
302,Congress St & Clinton St,3408.0,40.6881529,-73.99520919,17178
303,Cooper Square & Astor Pl,3263.0,40.72951496224949,-73.99075269699097,85364
304,Court St & Nelson St,3397.0,40.6763947,-73.99869893,8764
305,Court St & State St,3402.0,40.6902375,-73.99203074,27566
306,Crescent St & 30 Ave,3614.0,40.768692,-73.9249574,5234
307,Crescent St & 34 Ave,3575.0,40.76108,-73.930562,4914
308,Crescent St & 35 Ave,3566.0,40.7596276,-73.9321455,3553
309,Crescent St & Broadway,3592.0,40.7633589,-73.9286471,8052
310,Crescent St & Ditmars Blvd,3530.0,40.7787185,-73.9145645,3964
311,Crown St & Bedford Ave,3631.0,40.666563,-73.956741,1465
312,Cumberland St & Lafayette Ave,416.0,40.68753406,-73.97265183,14524
313,Cypress Ave & George St,3878.0,40.69812,-73.90271,45
314,Cypress Ave & Palmetto St,3895.0,40.70157340873792,-73.90876293182373,55
315,DeKalb Ave & Franklin Ave,3755.0,40.69064807082943,-73.95746178925037,7688
316,DeKalb Ave & Hudson Ave,324.0,40.689888,-73.981013,30177
317,DeKalb Ave & S Portland Ave,241.0,40.68981035,-73.97493121,16811
318,DeKalb Ave & Skillman St,409.0,40.6906495,-73.95643107,1328
319,DeKalb Ave & Vanderbilt Ave,258.0,40.68940747,-73.96885458,16506
320,Dean St & 4 Ave,467.0,40.68312489,-73.97895137,25928
321,Dean St & Franklin Ave,3673.0,40.67759206937376,-73.955637216568,11250
322,Dean St & Hoyt St,3410.0,40.6864442,-73.98759104,10135
323,Degraw St & Hoyt St,3332.0,40.68199044270703,-73.99079024791718,8401
324,Degraw St & Smith St,3329.0,40.6829151,-73.99318208,12915
325,Devoe St & Lorimer St,3453.0,40.71335226222875,-73.9491033554077,16552
326,Devoe St & Morgan Ave,3772.0,40.713811,-73.93515,2541
327,Ditmars Blvd & 19 St,3532.0,40.78145,-73.9183302,7112
328,Division Av & Hooper St,3714.0,40.70684203101325,-73.9544353965357,8312
329,Division Ave & Hooper St,3714.0,40.70684203101325,-73.9544353965357,336
330,Division Ave & Marcy Ave,3075.0,40.70708701,-73.95796783,4200
331,Division St & Bowery,296.0,40.71413089,-73.9970468,36030
332,Division St & Bowery (old),296.0,40.71413089,-73.9970468,2100
333,Dock 72 Way & Market St,3787.0,40.69985,-73.97141,4179
334,Douglass St & 3 Ave,3420.0,40.6802133,-73.98432695,15986
335,Douglass St & 4 Ave,3419.0,40.6792788,-73.98154004,12129
336,Driggs Ave & Lorimer St,3102.0,40.72179134,-73.9504154,13570
337,Driggs Ave & N 9 St,3715.0,40.71816969454208,-73.95520135760307,31865
338,Driggs Ave & N Henry St,3106.0,40.72325,-73.94308,16493
339,Duane St & Greenwich St,276.0,40.71748752,-74.0104554,21852
340,Duffield St & Willoughby St,390.0,40.69221589,-73.9842844,20193
341,Dwight St & Van Dyke St,3337.0,40.67363551341504,-74.01195555925369,2987
342,E 10 St & 5 Ave,280.0,40.73331967,-73.99510132,40164
343,E 10 St & Avenue A,445.0,40.72740794,-73.98142006,73041
344,E 102 St & 1 Ave,3351.0,40.7869946,-73.94164802,20192
345,E 102 St & Park Ave,3363.0,40.7904828,-73.95033068,8935
346,E 103 St & Lexington Ave,3379.0,40.7903051,-73.94755757,12634
347,E 106 St & 1 Ave,3391.0,40.7892529,-73.93956237,7336
348,E 106 St & Lexington Ave,3424.0,40.791976,-73.945993,7992
349,E 106 St & Madison Ave,3387.0,40.7934337,-73.94945003,9019
350,E 109 St & 3 Ave,3390.0,40.79329668,-73.9432083,9091
351,E 11 St & 1 Ave,326.0,40.72953837,-73.98426726,61580
352,E 11 St & 2 Ave,237.0,40.73047309,-73.98672378,57536
353,E 11 St & Avenue B,3718.0,40.72746420692392,-73.97950418293476,45685
354,E 11 St & Broadway,357.0,40.73261787,-73.99158043,6964
355,E 110 St & Madison Ave,3400.0,40.7961535,-73.94782145,17015
356,E 114 St & 1 Ave,3495.0,40.7945663,-73.9362541,7088
357,E 115 St & Lexington Ave,3494.0,40.797911,-73.9423,9514
358,E 115 St & Madison Ave,3500.0,40.7989445,-73.944846,6426
359,E 116 St & 2 Ave,3490.0,40.796879,-73.937261,5504
360,E 118 St & 1 Ave,3491.0,40.79747,-73.93504,8457
361,E 118 St & 3 Ave,3493.0,40.799139,-73.9389152,8346
362,E 118 St & Madison Ave,3501.0,40.8014866,-73.9442507,7299
363,E 118 St & Park Ave,3492.0,40.8005385,-73.9419949,4341
364,E 12 St & 3 Ave,483.0,40.73223272,-73.98889957,42991
365,E 12 St & 4 Av,3788.0,40.73269,-73.98974,31941
366,E 123 St & Lexington Ave,3504.0,40.8029263,-73.9379,7203
367,E 128 St & Madison Ave,3622.0,40.80756,-73.939182,5980
368,E 13 St & Avenue A,3711.0,40.72966729392978,-73.98067966103554,79154
369,E 15 St & 3 Ave,297.0,40.734232,-73.986923,65760
370,E 16 St & 5 Ave,496.0,40.73726186,-73.99238967,67601
371,E 16 St & Irving Pl,3463.0,40.735367055605394,-73.98797392845154,43069
372,E 17 St & Broadway,497.0,40.73704984,-73.99009296,125466
373,E 19 St & 3 Ave,325.0,40.73624527,-73.98473765,43400
374,E 2 St & 2 Ave,403.0,40.72502876,-73.99069656,54077
375,E 2 St & Avenue A,3656.0,40.72307749068673,-73.98583620786667,56860
376,E 2 St & Avenue B,301.0,40.72217444,-73.98368779,57320
377,E 2 St & Avenue C,150.0,40.7208736,-73.98085795,35465
378,E 20 St & 2 Ave,461.0,40.73587678,-73.98205027,61649
379,E 20 St & FDR Drive,487.0,40.73314259,-73.97573881,55463
380,E 20 St & Park Ave,503.0,40.73827428,-73.98751968,55951
381,E 23 St & 1 Ave,545.0,40.736502,-73.97809472,61032
382,E 24 St & Park Ave S,491.0,40.74096374,-73.98602213,85079
383,E 25 St & 1 Ave,174.0,40.7381765,-73.97738662,40997
384,E 25 St & 2 Ave,507.0,40.73912601,-73.97973776,63259
385,E 27 St & 1 Ave,2012.0,40.739445,-73.976806,41145
386,E 30 St & Park Ave S,546.0,40.74444921,-73.98303529,45548
387,E 31 St & 3 Ave,476.0,40.74394314,-73.97966069,56173
388,E 32 St & Park Ave,472.0,40.7457121,-73.98194829,67686
389,E 33 St & 1 Ave,3687.0,40.74322681432173,-73.97449783980846,63938
390,E 33 St & 5 Ave,526.0,40.74765947,-73.98490707,51650
391,E 35 St & 3 Ave,3431.0,40.746524,-73.977885,2690
392,E 39 St & 2 Ave,518.0,40.74780373,-73.9734419,61256
393,E 39 St & 3 Ave,167.0,40.7489006,-73.97604882,51987
394,E 4 St & 2 Ave,439.0,40.7262807,-73.98978041,60302
395,E 41 St & Madison Ave,3235.0,40.752165280621966,-73.97992193698882,41675
396,E 43 St & 2 Ave,2017.0,40.75022392,-73.97121414,21998
397,E 43 St & 5 Ave,3680.0,40.754120810779256,-73.98025184869766,38878
398,E 44 St & 2 Ave,3462.0,40.75118387463277,-73.97138714790344,1960
399,E 45 St & 3 Ave,440.0,40.75255434,-73.97282625,37458
400,E 47 St & 1 Ave,516.0,40.75206862,-73.96784384,20748
401,E 47 St & 2 Ave,164.0,40.75323098,-73.97032517,37935
402,E 47 St & Park Ave,359.0,40.75510267,-73.97498696,83993
403,E 48 St & 3 Ave,228.0,40.7546011026,-73.971878855,29081
404,E 48 St & 5 Ave,3233.0,40.75724567911726,-73.97805914282799,64938
405,E 5 St & Avenue C,393.0,40.72299208,-73.97995466,28026
406,E 51 St & 1 Ave,454.0,40.75455731,-73.96592976,31881
407,E 51 St & 2 Ave,3815.0,40.755293,-73.967641,4287
408,E 51 St & Lexington Ave,522.0,40.75714758,-73.97207836,33624
409,E 52 St & 2 Ave,441.0,40.756014,-73.967416,17703
410,E 53 St & 3 Ave,3459.0,40.75763227739443,-73.96930575370789,43903
411,E 53 St & Lexington Ave,367.0,40.75828065,-73.97069431,4564
412,E 53 St & Madison Ave,456.0,40.7597108,-73.97402311,36863
413,E 55 St & 2 Ave,385.0,40.75797322,-73.96603308,30876
414,E 55 St & 3 Ave,3223.0,40.75899655960512,-73.96865397691727,12977
415,E 55 St & Lexington Ave,2023.0,40.75968085,-73.97031366,14947
416,E 56 St & 3 Ave,464.0,40.75934501,-73.96759673,11042
417,E 56 St & Madison Ave,3814.0,40.761573,-73.972628,1555
418,E 58 St &  1 Ave (NW Corner),3734.0,40.759125,-73.962658,20069
419,E 58 St & 1 Ave,3243.0,40.75892386377695,-73.96226227283478,2633
420,E 58 St & 1 Ave (NE Corner),3243.0,40.75892386377695,-73.96226227283478,12392
421,E 58 St & 3 Ave,305.0,40.76095756,-73.96724467,48537
422,E 58 St & Madison Ave,3457.0,40.76302594280519,-73.97209525108337,19120
423,E 59 St & Madison Ave,3132.0,40.76350532,-73.97109243,30771
424,E 6 St & Avenue B,317.0,40.72453734,-73.98185424,54557
425,E 6 St & Avenue D,411.0,40.72228087,-73.97668709,31123
426,E 60 St & York Ave,2022.0,40.759107,-73.959223,12634
427,E 63 St & 3 Ave,3898.0,40.763954,-73.9646,1143
428,E 65 St & 2 Ave,3376.0,40.76471851944339,-73.96222069859505,18258
429,E 66 St & Madison Ave,3355.0,40.76800889305947,-73.96845281124115,11302
430,E 67 St & Park Ave,3231.0,40.76780080148132,-73.96592080593109,12478
431,E 68 St & 3 Ave,3131.0,40.76712840349542,-73.96224617958069,12189
432,E 68 St & Madison Ave,3359.0,40.7691572,-73.96703464,9779
433,E 7 St & Avenue A,432.0,40.72621788,-73.98379855,67227
434,E 71 St & 2 Ave,3153.0,40.76817546742245,-73.95910263061523,337
435,E 72 St & Park Ave,3139.0,40.77118287540658,-73.96409422159195,20050
436,E 72 St & York Ave,3156.0,40.76663814,-73.95348296,35213
437,E 74 St & 1 Ave,3372.0,40.7689738,-73.95482273,28856
438,E 75 St & 3 Ave,3135.0,40.77112927,-73.95772297,17899
439,E 76 St & Park Ave,3378.0,40.773763,-73.96222088,17299
440,E 77 St & 3 Ave,3154.0,40.77314236,-73.95856158,18724
441,E 78 St & 2 Ave,3370.0,40.7727966,-73.95577801,13099
442,E 80 St & Park Ave,3805.0,40.776173,-73.959757,1954
443,E 81 St & 2 Ave,3671.0,40.77477944895728,-73.95427465438843,19749
444,E 81 St & 3 Ave,3146.0,40.77573034,-73.9567526,16299
445,E 81 St & Park Ave,3144.0,40.77677702,-73.9590097,3958
446,E 81 St & York Ave,3151.0,40.7728384,-73.94989233,20794
447,E 82 St & East End Ave,3369.0,40.7724607,-73.9468208,14297
448,E 84 St & 1 Ave,3148.0,40.77565541,-73.95068615,24946
449,E 84 St & 3 Ave,3747.0,40.77755374298887,-73.95512759685516,24020
450,E 84 St & Park Ave,3145.0,40.77862688,-73.95772073,17693
451,E 85 St & 3 Ave,3147.0,40.77801203,-73.95407149,9020
452,E 85 St & York Ave,3150.0,40.77536905,-73.94803392,14061
453,E 88 St & 1 Ave,3288.0,40.778301,-73.9488134,19467
454,E 88 St & Park Ave,3284.0,40.781410700190015,-73.95595908164978,10893
455,E 89 St & 3 Ave,3286.0,40.7806284,-73.9521667,18018
456,E 89 St & York Ave,3290.0,40.7779453,-73.946041,14592
457,E 9 St & Avenue C,394.0,40.72521311,-73.97768752,44233
458,E 91 St & 2 Ave,3305.0,40.78112229934166,-73.94965589046478,24129
459,E 91 St & Park Ave,3294.0,40.7835016,-73.955327,15022
460,E 93 St & 2 Ave,3296.0,40.782454175279874,-73.9489196240902,13395
461,E 95 St & 3 Ave,3325.0,40.7849032,-73.950503,2723
462,E 97 St & 3 Ave,3309.0,40.7859201,-73.94860294,6738
463,E 97 St & Madison Ave,3336.0,40.787801,-73.953559,18059
464,E 98 St & Park Ave,3299.0,40.78813,-73.95206,5817
465,East End Ave & E 86 St,3157.0,40.77518615,-73.94446054,10101
466,Eastern Pkwy & Franklin Ave,3584.0,40.6707767,-73.9576801,14375
467,Eastern Pkwy & Washington Ave,3583.0,40.6716493,-73.9631145,8972
468,Eckford St & Engert Ave,3449.0,40.72146256229816,-73.94800901412964,6068
469,Eldert St & Bushwick Ave,3828.0,40.68652,-73.91321,185
470,Emerson Pl & Myrtle Ave,354.0,40.69363137,-73.96223558,15723
471,Engert Ave & McGuinness Blvd,3857.0,40.72158,-73.94546,759
472,Essex Light Rail,3214.0,40.7127742,-74.0364857,2
473,Evergreen Ave & Noll St,3821.0,40.70106,-73.93318,438
474,Exchange Place,3183.0,40.7162469,-74.0334588,1
475,FDR Drive & E 35 St,501.0,40.744219,-73.97121214,59383
476,Fairview Ave & Linden St,3902.0,40.70694,-73.90632,11
477,Flushing Ave & Vanderbilt Ave,3648.0,40.69795031569544,-73.97077560424805,17641
478,Flushing Ave & Woodward Ave,3887.0,40.71246,-73.91873,41
479,Forest Ave & Summerfield St,3876.0,40.69922,-73.89795,74
480,Forsyth St & Broome St,531.0,40.71893904,-73.99266288,56095
481,Forsyth St & Canal St,412.0,40.7158155,-73.99422366,49608
482,Franklin Ave & Empire Blvd,3599.0,40.66314,-73.9605695,14045
483,Franklin Ave & Myrtle Ave,372.0,40.694546087246025,-73.95801365375519,6906
484,Franklin Ave & St Marks Ave,3569.0,40.6758324,-73.9561677,8953
485,Franklin St & Dupont St,3117.0,40.73564,-73.95866,15446
486,Franklin St & W Broadway,79.0,40.71911552,-74.00666661,27463
487,Frederick Douglass Blvd & W 112 St,3553.0,40.801694,-73.957145,19172
488,Frederick Douglass Blvd & W 115 St,3630.0,40.8038654,-73.9559308,14438
489,Frederick Douglass Blvd & W 117 St,3534.0,40.805159,-73.954692,19978
490,Frederick Douglass Blvd & W 129 St,3531.0,40.8125511,-73.9492286,6960
491,Front St & Gold St,418.0,40.70224,-73.982578,14933
492,Front St & Jay St,3804.0,40.702461,-73.986842,8197
493,Front St & Maiden Ln,351.0,40.70530954,-74.00612572,31713
494,Front St & Washington St,2000.0,40.70255088,-73.98940236,36713
495,Frost St & Debevoise Ave,3855.0,40.71882,-73.93948,300
496,Frost St & Meeker Ave,3727.0,40.71766197083994,-73.94880026578903,6275
497,Frost St & Meeker Ave,3727.0,40.71784798417728,-73.94752018153667,10
498,Frost St & Meeker St,3091.0,40.71764,-73.94882,241
499,Fulton St & Adams St,3440.0,40.69241829257847,-73.98949474096298,31334
500,Fulton St & Broadway,319.0,40.711066,-74.009447,48251
501,Fulton St & Clermont Ave,397.0,40.68415748,-73.96922273,7950
502,Fulton St & Grand Ave,365.0,40.68223166,-73.9614583,6291
503,Fulton St & Irving Pl,3789.0,40.68186,-73.959432,4572
504,Fulton St & Rockwell Pl,243.0,40.688226,-73.979382,4101
505,Fulton St & Rockwell Pl,243.0,40.68841,-73.979458,10525
506,Fulton St & Utica Ave,3042.0,40.6794268,-73.9298911,7792
507,Fulton St & Waverly Ave,3637.0,40.68323865460341,-73.96599590778351,16348
508,Fulton St & William St,316.0,40.70955958,-74.00653609,30560
509,Gansevoort St & Hudson St,3686.0,40.73944820130404,-74.00507032871246,64233
510,Garfield Pl & 8 Ave,3358.0,40.6711978,-73.97484126,10828
511,George St & Wilson Ave,3758.0,40.702997,-73.92997,3421
512,Gold St & Frankfort St,3489.0,40.71069994631387,-74.00354146957397,556
513,Graham Ave & Conselyea St,3086.0,40.715143,-73.944507,24503
514,Graham Ave & Grand St,3081.0,40.711863,-73.944024,14820
515,Graham Ave & Herbert St,3095.0,40.71929301,-73.94500379,7659
516,Graham Ave & Withers St,3094.0,40.7169811,-73.94485918,11383
517,Grand Army Plaza & Central Park S,281.0,40.7643971,-73.97371465,73784
518,Grand Army Plaza & Plaza St West,3349.0,40.6729679,-73.97087984,22912
519,Grand Ave & Bergen St,3549.0,40.678045,-73.962408,11618
520,Grand St,3681.0,40.71517767732029,-74.03768330812454,2
521,Grand St & Elizabeth St,3435.0,40.718822,-73.99596,82052
522,Grand St & Greene St,2010.0,40.72165481,-74.00234737,4344
523,Grand St & Havemeyer St,471.0,40.71286844,-73.95698119,22169
524,Great Jones St,229.0,40.72743423,-73.99379025,80001
525,Green St & McGuinness Blvd,3819.0,40.73396,-73.95204,526
526,Greene Av & Myrtle Av,3781.0,40.698568,-73.918877,5631
527,Greene Ave & Grandview Ave,3910.0,40.709697,-73.907856,34
528,Greene Ave & Nostrand Ave,3055.0,40.6883337,-73.950916,7827
529,Greene Ave & Throop Ave,3054.0,40.6894932,-73.942061,6633
530,Greenpoint Ave & Manhattan Ave,3113.0,40.73026,-73.95394,21810
531,Greenwich Ave & 8 Ave,284.0,40.7390169121,-74.0026376103,60937
532,Greenwich Ave & Charles St,383.0,40.735238,-74.000271,47395
533,Greenwich St & W Houston St,347.0,40.728846,-74.008591,61681
534,Grove St & Broadway,3890.0,40.69047,-73.923511,362
535,Grove St PATH,3186.0,40.71958611647166,-74.04311746358871,3
536,Halsey St & Broadway,3827.0,40.68565,-73.91564,290
537,Halsey St & Evergreen Ave,3830.0,40.68858,-73.91227,76
538,Halsey St & Tompkins Ave,3047.0,40.6823687,-73.944118,8086
539,Hamilton Park,3203.0,40.727595966,-74.044247311,2
540,Hancock St & Bedford Ave,436.0,40.68216564,-73.95399026,6783
541,Hancock St & Wyckoff Ave,3872.0,40.6972,-73.90674,20
542,Handlebar @ Gowanus,3040.0,40.66979964220026,-73.99497985839844,29
543,Hanson Pl & Ashland Pl,3429.0,40.68506807308177,-73.97790759801863,41626
544,Harborside,3639.0,40.7192517,-74.034234,5
545,Harman St & Seneca Ave,3883.0,40.70577,-73.91292,86
546,Harrison Pl & Porter Ave,3853.0,40.70686,-73.92851,385
547,Harrison St & Hudson St,249.0,40.71870987,-74.0090009,18958
548,Hart St & Wyckoff Ave,3779.0,40.704876,-73.919911,3035
549,Heights Elevator,3198.0,40.74871594538023,-74.04044330120087,7
550,Henry St & Atlantic Ave,157.0,40.69089272,-73.99612349,20909
551,Henry St & Bay St,3330.0,40.6725058,-74.00494695,2887
552,Henry St & Degraw St,3315.0,40.6847514,-73.99917254,16309
553,Henry St & Grand St,502.0,40.714211,-73.981095,3929
554,Henry St & Grand St,502.0,40.714215,-73.981346,26306
555,Henry St & Middagh St,3790.0,40.7003,-73.991581,10154
556,Henry St & Poplar St,407.0,40.700469,-73.991454,3647
557,Henry St & W 9 St,3395.0,40.6763744,-74.00324957,2352
558,Hicks St & Montague St,406.0,40.69512845,-73.99595065,22682
559,Hilltop,3206.0,40.7311689,-74.0575736,1
560,Hoboken Ave at Monmouth St,3791.0,40.73520838045357,-74.04696375131607,3
561,Hope St & Union Ave,3082.0,40.71167351,-73.95141312,19057
562,Howard St & Centre St,268.0,40.71910537,-73.99973337,47311
563,Hudson St & Reade St,146.0,40.71625008,-74.0091059,32957
564,Humboldt St & Varet St,3068.0,40.7031724,-73.940636,5959
565,Huron St & Franklin St,3116.0,40.73266,-73.95826,19533
566,India St & Manhattan Ave,3115.0,40.73232194,-73.9550858,17085
567,India St & West St,3469.0,40.73181401720966,-73.95995020866394,12025
568,Irving Ave & DeKalb Ave,3778.0,40.7027,-73.92095,2605
569,Irving Ave & Halsey St,3834.0,40.69467,-73.90663,292
570,Irving Ave & Harman St,3845.0,40.70108,-73.9179,365
571,Irving Ave & Jefferson St,3759.0,40.70538,-73.92535,3830
572,Irving Ave & Palmetto St,3891.0,40.698,-73.9127,218
573,JC Medical Center,3205.0,40.71653978099194,-74.0496379137039,3
574,JCBS Depot,3426.0,40.70965083364061,-74.06860113143921,3
575,Jackson Ave & 46 Rd,3121.0,40.74524768,-73.94733276,6827
576,Jackson St & Leonard St,3456.0,40.71638031973561,-73.94821286201477,4152
577,Jay St & Tech Pl,392.0,40.695065,-73.987167,25457
578,Jay St & York St,3674.0,40.70140317257725,-73.98672670125961,46504
579,Jefferson Ave & Evergreen Ave,3903.0,40.68989,-73.91458,48
580,Jefferson St & Cypress Ave,3850.0,40.70907,-73.92157,538
581,Jersey & 3rd,3272.0,40.72333158646436,-74.04595255851744,1
582,Jersey & 6th St,3270.0,40.72528910781132,-74.04557168483734,2
583,John St & William St,376.0,40.70862144,-74.00722156,20995
584,Johnson St & Gold St,261.0,40.69474881,-73.98362464,15116
585,Journal Square,3640.0,40.73367,-74.0625,2
586,Kane St & Clinton St,3308.0,40.6861758,-73.99645295,14090
587,Kent Ave & N 7 St,3016.0,40.72036775298455,-73.96165072917938,49990
588,Kent Ave & S 11 St,282.0,40.707644944175705,-73.96841526031494,22422
589,Kent St & McGuinness Blvd,3858.0,40.73124,-73.95161,679
590,Kingsland Ave & Nassau Ave,3856.0,40.72577,-73.94173,1946
591,Kingston Ave & Herkimer St,3041.0,40.67890679,-73.94142771,7470
592,Knickerbocker Ave & Cooper St,3865.0,40.69081,-73.90448,217
593,Knickerbocker Ave & George St,3774.0,40.704425,-73.92836,3104
594,Knickerbocker Ave & Halsey St,3868.0,40.693,-73.90824,172
595,Knickerbocker Ave & Hancock St,3835.0,40.69385,-73.90974,129
596,Knickerbocker Ave & Thames St,3773.0,40.70539,-73.92976,2983
597,Kosciuszko St & Nostrand Ave,3056.0,40.69072549,-73.95133465,7686
598,Kosciuszko St & Tompkins Ave,3057.0,40.69128258,-73.9452416,9319
599,LaGuardia Pl & W 3 St,161.0,40.72917025,-73.99810231,57604
600,Lafayette Ave & Classon Ave,364.0,40.68900443,-73.96023854,15393
601,Lafayette Ave & Fort Greene Pl,274.0,40.68691865,-73.976682,21459
602,Lafayette Ave & St James Pl,399.0,40.68851534,-73.9647628,17082
603,Lafayette St & E 8 St,293.0,40.73020660529954,-73.99102628231049,97613
604,Lafayette St & Jersey St,250.0,40.72456089,-73.99565293,23719
605,Lafayette St & Jersey St,3427.0,40.72430527250332,-73.99600982666016,34939
606,Lafayette St & Jersey St S,3427.0,40.72430527250332,-73.99600982666016,5052
607,Laight St & Hudson St,248.0,40.72185379,-74.00771779,12224
608,Lawrence St & Willoughby St,323.0,40.69236178,-73.98631746,26569
609,Lefferts Pl & Franklin Ave,396.0,40.680342423,-73.9557689392,7985
610,Lenox Ave & W 111 St,3521.0,40.7987859,-73.9523,32182
611,Lenox Ave & W 115 St,3509.0,40.8011939,-73.9500739,10367
612,Lenox Ave & W 117 St,3628.0,40.8025566,-73.9490782,16779
613,Lenox Ave & W 126 St,3518.0,40.808442,-73.9452087,16646
614,Lenox Ave & W 130 St,3529.0,40.8107922,-73.9430681,14979
615,Leonard St & Boerum St,3072.0,40.70583339,-73.94644578,6309
616,Leonard St & Church St,320.0,40.717571,-74.005549,26938
617,Leonard St & Maujer St,3454.0,40.7103685423523,-73.94705951213837,10453
618,Leonard St & Nassau Ave,3668.0,40.7239567849954,-73.94984364509583,18595
619,Lewis Ave & Decatur St,3043.0,40.6814598,-73.934903,4903
620,Lewis Ave & Kosciuszko St,3058.0,40.69237074,-73.93705428,7046
621,Lewis Ave & Madison St,3052.0,40.686312,-73.935775,9613
622,Lexington Ave & Classon Ave,120.0,40.68676793,-73.95928168,11290
623,Lexington Ave & E 111 St,3502.0,40.7954121,-73.9441232,11367
624,Lexington Ave & E 120 St,3506.0,40.8013066,-73.9398167,5299
625,Lexington Ave & E 127 St,3505.0,40.805726,-73.936322,5121
626,Lexington Ave & E 26 St,3707.0,40.741459,-73.983293,59932
627,Lexington Ave & E 29 St,540.0,40.74311555376486,-73.98215353488922,43993
628,Lexington Ave & E 36 St,3749.0,40.7475739589548,-73.9788007736206,25747
629,Lexington Ave & E 63 St,3155.0,40.76440023,-73.96648977,17450
630,Liberty Light Rail,3192.0,40.7112423,-74.0557013,3
631,Liberty St & Broadway,195.0,40.70905623,-74.01043382,46981
632,Lincoln Pl & Classon Ave,3582.0,40.6721683,-73.9609,4191
633,Linden St & Knickerbocker Ave,3862.0,40.69714,-73.91566,154
634,Lispenard St & Broadway,257.0,40.71939226,-74.00247214,49155
635,Little West St & 1 Pl,2008.0,40.70569254,-74.01677685,54696
636,Lorimer St & Broadway,3069.0,40.70411791,-73.94818595,6810
637,Lorimer St & Calyer St,3859.0,40.72795,-73.95414,185
638,MacDougal St & Prince St,128.0,40.72710258,-74.00297088,68530
639,MacDougal St & Washington Sq,252.0,40.73226398,-73.99852205,43187
640,Macon St & Nostrand Ave,437.0,40.6809833854,-73.9500479759,16821
641,Madison Ave & E 120 St,3503.0,40.80295,-73.942954,5281
642,Madison Ave & E 82 St,3362.0,40.7781314,-73.96069399,22722
643,Madison Ave & E 99 St,3345.0,40.78948541553215,-73.95242929458618,12789
644,Madison St & Clinton St,340.0,40.71269042,-73.98776323,23337
645,Madison St & Cypress Ave,3873.0,40.70068,-73.90742,48
646,Madison St & Evergreen Ave,3833.0,40.69122,-73.91693,132
647,Madison St & Forest Ave,3877.0,40.70555,-73.90245,44
648,Madison St & Montgomery St,291.0,40.713126,-73.984844,21221
649,Madison St & Seneca Ave,3896.0,40.70183,-73.90625,44
650,Madison St & Woodward Ave,3909.0,40.70408,-73.90408,6
651,Maiden Ln & Pearl St,264.0,40.70706456,-74.00731853,25242
652,Manhattan Av & Leonard St,3899.0,40.72084,-73.94844,229
653,Manila & 1st,3273.0,40.72165072487999,-74.04288411140442,1
654,Marcus Garvey Blvd & Macon St,3046.0,40.682601,-73.938037,6386
655,Marcy Ave & Lafayette Ave,3053.0,40.6900815,-73.947915,5524
656,Marin Light Rail,3276.0,40.71458403535893,-74.04281705617905,7
657,Market St & Cherry St,408.0,40.71076228,-73.99400398,19932
658,McGuinness Blvd & Eagle St,3118.0,40.73555,-73.95284,20253
659,McKibbin St & Bogart St,3771.0,40.706237,-73.933871,5908
660,McKibbin St & Manhattan Ave,3070.0,40.70510918,-73.94407279,6375
661,Melrose St & Broadway,3870.0,40.697481,-73.935877,574
662,Menahan St & Central Ave,3841.0,40.69543,-73.9196,179
663,Menahan St & Onderdonk Ave,3886.0,40.70553,-73.9096,30
664,Menahan St & Seneca Ave,3874.0,40.70461,-73.91054,41
665,Menahan St & Wyckoff Ave,3861.0,40.70113,-73.91422,288
666,Mercer St & Bleecker St,3260.0,40.72706363348306,-73.99662137031554,57319
667,Mercer St & Spring St,303.0,40.72362738,-73.99949601,51598
668,Meserole Ave & Manhattan Ave,3110.0,40.72708584,-73.95299117,24383
669,Metropolitan Ave & Bedford Ave,539.0,40.71534825,-73.96024116,51018
670,Metropolitan Ave & Meeker Ave,3087.0,40.71413311,-73.95234386,19497
671,Metropolitan Ave & Stewart Ave,3851.0,40.71401,-73.92793,159
672,Metropolitan Ave & Vandervoort Ave,3816.0,40.71429,-73.93323,118
673,Milton St & Franklin St,3112.0,40.72906,-73.95779,33301
674,Moffat St & Bushwick,3826.0,40.68458,-73.90925,117
675,Monmouth and 6th,3278.0,40.72568548362901,-74.04879033565521,1
676,Monroe St & Bedford Ave,344.0,40.6851443,-73.95380904,12913
677,Monroe St & Classon Ave,289.0,40.6845683,-73.95881081,9753
678,Monroe St & Tompkins Ave,3241.0,40.686203,-73.944694,9146
679,Montague St & Clinton St,3246.0,40.694281141397326,-73.99230033159256,1613
680,Montgomery St,3483.0,40.71942,-74.05099,1
681,Montgomery St & Franklin Ave,3661.0,40.666439306870814,-73.9605563879013,2460
682,Montrose Ave & Bushwick Ave,3074.0,40.70767788,-73.94016171,13305
683,Morgan Ave & Lombardy St,3900.0,40.72226,-73.93889,155
684,Morgan Ave & Maspeth Ave,3854.0,40.716657,-73.93637,273
685,Morningside Ave & W 123 St,3540.0,40.81,-73.9551508,8031
686,Morningside Dr & Amsterdam Ave,3543.0,40.81028506306003,-73.95736455917358,3822
687,Morris Canal,3267.0,40.7124188237569,-74.03852552175522,5
688,Mott St & Prince St,251.0,40.72317958,-73.99480012,55419
689,Mt Morris Park W & W 120 St,3535.0,40.804038,-73.945925,9408
690,Murray St & Greenwich St,3461.0,40.71485150526252,-74.01122331619263,44244
691,Murray St & West St,309.0,40.7149787,-74.013012,41724
692,Myrtle Ave & Grove St,3843.0,40.69905,-73.91516,327
693,Myrtle Ave & Lewis Ave,3064.0,40.69681963,-73.93756926,12978
694,Myrtle Ave & Linden St,3844.0,40.69943,-73.91337,463
695,Myrtle Ave & Marcy Ave,3062.0,40.69539817,-73.94954908,7673
696,Myrtle Ave & St Edwards St,245.0,40.69327018,-73.97703874,9274
697,N 11 St & Kent Ave,3693.0,40.72248188638219,-73.95921930670738,12860
698,N 12 St & Bedford Ave,3101.0,40.72079821,-73.95484712,21342
699,N 15 St & Wythe Ave,3105.0,40.724055,-73.955736,8106
700,N 6 St & Bedford Ave,3093.0,40.71745169,-73.95850939,47053
701,NYCBS DEPOT - DELANCEY,3245.0,40.71644423134479,-73.9823305606842,337
702,NYCBS Depot - GOW,3432.0,40.66906013501107,-73.99463653564453,1130
703,NYCBS Depot BAL - DYR,3240.0,40.759030082196055,-73.99385869503021,6
704,Nassau Ave & Newell St,3100.0,40.724812564400175,-73.94752621650696,16285
705,Nassau Ave & Russell St,3108.0,40.72557,-73.94434,22428
706,Nassau St & Navy St,144.0,40.69839895,-73.98068914,12771
707,Newark Ave,3211.0,40.72152515,-74.046304543,1
708,Newport PATH,3202.0,40.7272235,-74.0337589,2
709,Newport Pkwy,3199.0,40.7287448,-74.0321082,9
710,Newton Rd & 44 St,3598.0,40.7595701,-73.9142678,4493
711,Newtown Ave & 23 St,3619.0,40.7713615,-73.9246145,7297
712,Norfolk St & Broome St,311.0,40.7172274,-73.98802084,47395
713,Norman St & Wyckoff Ave,3882.0,40.69517,-73.90311,115
714,North Moore St & Greenwich St,3664.0,40.72019521437465,-74.0103006362915,78256
715,Nostrand Ave & Myrtle Ave,3063.0,40.69527008,-73.95238108,5084
716,Old Fulton St,217.0,40.70277159,-73.99383605,41433
717,Old Slip & Front St,337.0,40.7037992,-74.00838676,29699
718,Onderdonk Ave & Dekalb Ave,3897.0,40.70863,-73.91497,13
719,Onderdonk Ave & Gates Ave,3885.0,40.70413,-73.90737,59
720,Pacific St & Classon Ave,3546.0,40.6791944,-73.9587903,4118
721,Pacific St & Nevins St,3412.0,40.6853761,-73.98302136,11203
722,Park Ave & E 124 St,3507.0,40.8045555,-73.9396861,29031
723,Park Ave & Marcus Garvey Blvd,3179.0,40.698617,-73.941342,5539
724,Park Ave & St Edwards St,119.0,40.69608941,-73.97803415,5761
725,Park Pl & Church St,3690.0,40.71334184275907,-74.00935515761375,23166
726,Park Pl & Franklin Ave,3578.0,40.6741806,-73.9564947,7931
727,Park Pl & Vanderbilt Ave,3576.0,40.6767,-73.969024,15059
728,Paulus Hook,3184.0,40.7141454,-74.0335519,15
729,Pearl St & Anchorage Pl,414.0,40.70281858,-73.98765762,9439
730,Pearl St & Hanover Square,415.0,40.7047177,-74.00926027,26861
731,Peck Slip & Front St,279.0,40.707873,-74.00167,38825
732,Perry St & Bleecker St,247.0,40.73535398,-74.00483091,36656
733,Perry St & Greenwich Ave,3739.0,40.735918,-74.000939,305
734,Pershing Field,3210.0,40.742677141,-74.051788633,3
735,Pershing Square North,519.0,40.751873,-73.977706,155536
736,Pershing Square South,517.0,40.751581,-73.97791,58860
737,Picnic Point,3479.0,40.68512559515415,-74.02535319328308,8463
738,Pier 40 - Hudson River Park,3256.0,40.7277140777778,-74.01129573583603,65013
739,Pierrepont St & Monroe Pl,3728.0,40.69535693320225,-73.99344027042389,9514
740,Pike St & E Broadway,295.0,40.71406667,-73.99293911,31232
741,Pike St & Monroe St,331.0,40.71173107,-73.99193043,24501
742,Pioneer St & Richards St,3342.0,40.6777748,-74.0094613,3366
743,Pioneer St & Van Brunt St,3344.0,40.679043,-74.011169,8390
744,Pitt St & Stanton St,400.0,40.71926081,-73.98178024,9315
745,Plaza St West & Flatbush Ave,3418.0,40.6750207,-73.97111473,16610
746,Pleasant Ave & E 116 St,3497.0,40.7949879,-73.9333349,17177
747,Pleasant Ave & E 120 St,3498.0,40.7974772,-73.9311847,6594
748,Powers St & Olive St,3767.0,40.71323,-73.93894,3736
749,President St & Henry St,3388.0,40.6828003,-73.99990419,9821
750,Prospect Park West & 8 St,3300.0,40.66514681533792,-73.97637605667114,12426
751,Prospect Pl & 6 Ave,3415.0,40.6793307,-73.97519523,9860
752,Prospect Pl & Underhill Ave,3574.0,40.6769694,-73.96579,9162
753,Pulaski St & Marcus Garvey Blvd,3059.0,40.6933982,-73.939877,5119
754,Putnam Ave & Knickerbocker Ave,3839.0,40.69545,-73.91164,299
755,Putnam Ave & Nostrand Ave,3048.0,40.68402,-73.94977,5068
756,Putnam Ave & Throop Ave,3050.0,40.6851532,-73.94111,7378
757,Putnam Ave & Wyckoff Ave,3840.0,40.69811,-73.90904,426
758,Queens Plaza North & Crescent St,3129.0,40.75110165,-73.94073717,26390
759,Railroad Ave & Kay Ave,2005.0,40.70531194,-73.97100056,1162
760,Reade St & Broadway,330.0,40.71450451,-74.00562789,25804
761,Richards St & Delavan St,3393.0,40.6794327,-74.00785041,3272
762,Richardson St & N Henry St,3430.0,40.71907891179564,-73.94223690032959,13913
763,Riverside Blvd & W 67 St,3173.0,40.777507027547976,-73.98888587951659,28935
764,Riverside Dr & W 104 St,3331.0,40.8013434,-73.9711457439,14107
765,Riverside Dr & W 72 St,3166.0,40.78057799010334,-73.98562431335449,28302
766,Riverside Dr & W 78 St,3178.0,40.78414472,-73.98362492,17286
767,Riverside Dr & W 82 St,3169.0,40.78720869,-73.98128127,19529
768,Riverside Dr & W 91 St,3437.0,40.79313480986663,-73.97700369358063,13486
769,Riverview Park,3196.0,40.7443187,-74.0439909,3
770,Rivington St & Chrystie St,473.0,40.72110063,-73.9919254,36508
771,Rivington St & Ridge St,349.0,40.71850211,-73.98329859,30750
772,Rockaway Ave & Bainbridge St,3893.0,40.68319988172761,-73.91166642308235,116
773,Roebling St & N 4 St,3085.0,40.71469,-73.95739,17652
774,Rogers Ave & Sterling St,3604.0,40.6630619,-73.9538746,5541
775,S 3 St & Bedford Ave,481.0,40.71260486,-73.96264403,28192
776,S 4 St & Rodney St,3080.0,40.70934,-73.95608,14335
777,S 4 St & Wythe Ave,460.0,40.71285887,-73.96590294,38237
778,S 5 Pl & S 5 St,532.0,40.710451,-73.960876,46316
779,S Portland Ave & Atlantic Ave,3719.0,40.68322254161595,-73.9738118648529,24
780,S Portland Ave & Hanson Pl,353.0,40.68539567,-73.97431458,12981
781,Schermerhorn St & Bond St,3486.0,40.688417427540834,-73.98451656103134,25448
782,Schermerhorn St & Court St,3242.0,40.69102925677968,-73.99183362722397,17911
783,Scholes St & Manhattan Ave,3076.0,40.70870368,-73.9448625,14964
784,Sharon St & Olive St,3766.0,40.715353,-73.93856,5410
785,Sigourney St & Columbia St,3352.0,40.67267243410948,-74.0087952464819,4228
786,Sip Ave,3195.0,40.73089709786179,-74.06391263008118,5
787,Smith St & 3 St,3384.0,40.6787242,-73.99599099,11283
788,Smith St & 9 St,3398.0,40.6746957,-73.99785768,13878
789,Soissons Landing,3254.0,40.69231660719192,-74.01486575603485,13396
790,Somers St & Broadway,3867.0,40.67945,-73.90474,8
791,South End Ave & Liberty St,3002.0,40.711512,-74.015756,85062
792,South St & Gouverneur Ln,315.0,40.70355377,-74.00670227,51257
793,South St & Whitehall St,259.0,40.70122128,-74.01234218,31761
794,Spruce St & Nassau St,224.0,40.71146364,-74.00552427,25539
795,St James Pl & Oliver St,308.0,40.71307916,-73.99851193,24885
796,St James Pl & Pearl St,82.0,40.71117416,-74.00016545,14166
797,St Johns Pl & Washington Ave,3580.0,40.6737236,-73.9631611,10149
798,St Marks Pl & 1 Ave,438.0,40.72779126,-73.98564945,67352
799,St Marks Pl & 2 Ave,236.0,40.7284186,-73.98713956,59406
800,St Nicholas Ave & Manhattan Ave,3508.0,40.809725,-73.953149,17721
801,St. Nicholas Ave & W 126 St,3533.0,40.8114323,-73.9518776,12883
802,Stagg St & Morgan Ave,3757.0,40.710681,-73.93372,2503
803,Stagg St & Union Ave,3077.0,40.70877084,-73.95095259,16142
804,Stanhope St & Fairview Ave,3901.0,40.70998,-73.91116,44
805,Stanton St & Chrystie St,265.0,40.72229346,-73.99147535,49333
806,Stanton St & Mangin St,341.0,40.71782143,-73.97628939,19518
807,Stanton St & Norfolk St,3737.0,40.720747,-73.986274,30814
808,State St & Smith St,310.0,40.68926942,-73.98912867,18962
809,Steinway St & 23 Ave,3528.0,40.7713937,-73.9077436,5041
810,Steinway St & 28 Ave,3616.0,40.7656251,-73.9136695,7955
811,Stephen St & Seneca Ave,3875.0,40.6988,-73.9007,32
812,Sterling Pl & 7 Ave,3663.0,40.67716489469059,-73.973827958107,1223
813,Sterling Pl & Bedford Ave,3579.0,40.672695,-73.954131,9380
814,Sterling St & Bedford Ave,3601.0,40.6627059,-73.9569115,3314
815,Stewart Ave & Johnson Ave,3852.0,40.70869,-73.92587,281
816,Stockholm St & Wilson Ave,3777.0,40.699304,-73.923044,2833
817,Stuyvesant Walk & 1 Av Loop,3793.0,40.732339777151054,-73.97898383438587,3565
818,Suffolk St & Stanton St,410.0,40.72066442,-73.98517977,41468
819,Sullivan Pl & Bedford Ave,3596.0,40.6642406,-73.9574686,2309
820,Sullivan St & Washington Sq,336.0,40.73047747,-73.99906065,52778
821,Suydam St & Broadway,3848.0,40.69544,-73.93223,567
822,Suydam St & Knickerbocker Ave,3775.0,40.702013,-73.923769,4633
823,Suydam St & St. Nicholas Ave,3849.0,40.70636,-73.91945,205
824,Throop Ave & Myrtle Ave,3061.0,40.69622937,-73.94371094,3688
825,Tompkins Ave & Hopkins St,3066.0,40.69957608,-73.94708417,6153
826,Underhill Ave & Lincoln Pl,3581.0,40.6740123,-73.9671457,11844
827,Underhill Ave & Pacific St,3544.0,40.6804836,-73.9646795,9471
828,Union Ave & Jackson St,3088.0,40.7160751,-73.952029,8532
829,Union Ave & N 12 St,3096.0,40.71924,-73.95242,21886
830,Union Ave & Wallabout St,3065.0,40.70029511,-73.95032283,6230
831,Union St,3191.0,40.7182113,-74.0836394,1
832,Union St & 4 Ave,3335.0,40.6772744,-73.98282002,16616
833,Union St & Bedford Ave,3585.0,40.6691783,-73.9554162,3855
834,Union St & Nevins St,3407.0,40.67909799721684,-73.98765474557877,9949
835,University Pl & E 14 St,382.0,40.73492695,-73.99200509,47573
836,University Pl & E 14 St,3812.0,40.734814,-73.992085,25522
837,University Pl & E 14 St (old),382.0,40.73492695,-73.99200509,2
838,University Pl & E 8 St,3244.0,40.73143724085228,-73.99490341544151,47983
839,Van Brunt St & Van Dyke St,3676.0,40.6758329439129,-74.01472628116608,12112
840,Van Brunt St & Wolcott St,3347.0,40.6773429,-74.01275056,8711
841,Van Buren St & Broadway,3869.0,40.692,-73.92617,266
842,Van Sinderen Ave & Truxton St,3824.0,40.6786,-73.90369,63
843,Van Vorst Park,3213.0,40.71848892,-74.047726625,6
844,Vernon Blvd & 10 St,3588.0,40.7671863,-73.9373554,6249
845,Vernon Blvd & 30 Rd,3610.0,40.770845,-73.934171,6273
846,Vernon Blvd & 31 Ave,3609.0,40.7692475,-73.9354504,6315
847,Vernon Blvd & 41 Rd,3554.0,40.7552433,-73.9485678,4444
848,Vernon Blvd & 47 Rd,3611.0,40.7449067,-73.9534573,10125
849,Vernon Blvd & 50 Ave,3119.0,40.74232744,-73.95411749,28045
850,Verona Pl & Fulton St,3249.0,40.6803560840434,-73.9476791024208,7881
851,Vesey Pl & River Terrace,327.0,40.7153379,-74.01658354,71949
852,W 100 St & Broadway,3350.0,40.7973721,-73.97041192,23353
853,W 100 St & Manhattan Ave,3328.0,40.795,-73.9645,17816
854,W 104 St & Amsterdam Ave,3689.0,40.79904139288298,-73.96649479866028,10974
855,W 106 St & Amsterdam Ave,3357.0,40.8008363,-73.9664492472,14015
856,W 106 St & Central Park West,3323.0,40.7981856,-73.9605909006,19674
857,W 107 St & Columbus Ave,3343.0,40.7997568,-73.9621128676,8721
858,W 11 St & 6 Ave,254.0,40.73532427,-73.99800419,48656
859,W 110 St & Amsterdam Ave,3538.0,40.802692,-73.96295,13442
860,W 113 St & Broadway,3552.0,40.805973,-73.964928,10720
861,W 116 St & Amsterdam Ave,3539.0,40.8067581,-73.9607082,10900
862,W 116 St & Broadway,3536.0,40.8082,-73.9641,10535
863,W 12 St & W 4 St,3684.0,40.73756121181137,-74.00398269295692,9399
864,W 120 St & Claremont Ave,3623.0,40.8109494,-73.9634,8254
865,W 129 St & Convent Ave,3649.0,40.814394437915816,-73.95324736833572,5786
866,W 13 St & 5 Ave,3708.0,40.735445,-73.99431,50693
867,W 13 St & 7 Ave,223.0,40.73781509,-73.99994661,58925
868,W 15 St & 10 Ave,3472.0,40.74275382865903,-74.00747358798981,45842
869,W 15 St & 6 Ave,3709.0,40.738046142482766,-73.99642959237099,28946
870,W 15 St & 7 Ave,482.0,40.73935542,-73.99931783,64957
871,W 16 St & 8 Ave,3660.0,40.74102150900266,-74.001384973526,32912
872,W 16 St & The High Line,212.0,40.74334935,-74.00681753,56512
873,W 17 St & 8 Ave,116.0,40.74177603,-74.00149746,49019
874,W 17 St & 9 Ave,3659.0,40.74294891660091,-74.00413691997528,3572
875,W 18 St & 6 Ave,168.0,40.73971301,-73.99456405,80743
876,W 18 St & 9 Ave,3658.0,40.7435337324616,-74.00367558002472,23170
877,W 20 St & 11 Ave,459.0,40.746745,-74.007756,99754
878,W 20 St & 7 Ave,334.0,40.74238787,-73.99726235,58915
879,W 20 St & 8 Ave,470.0,40.74345335,-74.00004031,51019
880,W 21 St & 6 Ave,435.0,40.74173969,-73.99415556,110523
881,W 22 St & 10 Ave,462.0,40.74691959,-74.00451887,71943
882,W 22 St & 8 Ave,453.0,40.74475148,-73.99915362,66545
883,W 24 St & 7 Ave,446.0,40.74487634,-73.99529885,72665
884,W 25 St & 6 Ave,466.0,40.74395411,-73.99144871,62644
885,W 26 St & 10 Ave,388.0,40.749717753,-74.002950346,53820
886,W 26 St & 8 Ave,494.0,40.74734825,-73.99723551,66125
887,W 27 St & 10 Ave,3258.0,40.75018156325683,-74.00218427181244,27999
888,W 27 St & 7 Ave,442.0,40.746647,-73.993915,67639
889,W 31 St & 7 Ave,379.0,40.749156,-73.9916,86251
890,W 33 St & 7 Ave,492.0,40.75019995,-73.99093085,81235
891,W 34 St & 11 Ave,525.0,40.75594159,-74.0021163,74475
892,W 35 St & Dyer Ave,3712.0,40.754691750226016,-73.99740189313889,32986
893,W 37 St & 10 Ave,448.0,40.75660359,-73.9979009,43719
894,W 37 St & 5 Ave,485.0,40.75038009,-73.98338988,39427
895,W 38 St & 8 Ave,523.0,40.75466591,-73.99138152,86076
896,W 39 St & 9 Ave,488.0,40.75645824,-73.99372222,3
897,W 4 St & 7 Ave S,380.0,40.73401143,-74.00293877,64907
898,W 40 St & 5 Ave,3798.0,40.752269,-73.982079,19325
899,W 41 St & 8 Ave,477.0,40.75640548,-73.9900262,89814
900,W 42 St & 6 Ave,3785.0,40.75492,-73.98455,482
901,W 42 St & 8 Ave,529.0,40.7575699,-73.99098507,50325
902,W 42 St & Dyer Ave,3236.0,40.75898481399634,-73.99379968643188,42746
903,W 43 St & 10 Ave,515.0,40.76009437,-73.99461843,49441
904,W 43 St & 6 Ave,524.0,40.75527307,-73.98316936,21346
905,W 44 St & 5 Ave,484.0,40.75500254,-73.98014437,45545
906,W 45 St & 6 Ave,493.0,40.7568001,-73.98291153,40422
907,W 45 St & 6 Ave,3466.0,40.75668720603179,-73.98257732391357,2564
908,W 45 St & 6 Ave -,3466.0,40.75668720603179,-73.98257732391357,3203
909,W 45 St & 8 Ave,2021.0,40.75929124,-73.98859651,52157
910,W 46 St & 11 Ave,508.0,40.76341379,-73.99667444,47072
911,W 47 St & 10 Ave,495.0,40.76269882,-73.99301222,42044
912,W 47 St & 6 Ave,3731.0,40.758397,-73.98255,616
913,W 49 St & 8 Ave,450.0,40.76227205,-73.98788205,52508
914,W 50 St & 9 Ave,3699.0,40.76360467795863,-73.98917958140373,30681
915,W 52 St & 11 Ave,72.0,40.76727216,-73.99392888,45654
916,W 52 St & 5 Ave,520.0,40.75992262,-73.97648516,53059
917,W 52 St & 6 Ave,3443.0,40.76132983124814,-73.97982001304626,62867
918,W 53 St & 10 Ave,480.0,40.76669671,-73.99061728,35638
919,W 54 St & 9 Ave,423.0,40.76584941,-73.98690506,29924
920,W 55 St & 6 Ave,3458.0,40.76309387270797,-73.9783501625061,13190
921,W 55 St & 6 Ave,3809.0,40.763189,-73.978434,14647
922,W 55 St & 6 Ave,3809.0,40.763201,-73.978458,505
923,W 56 St & 10 Ave,513.0,40.768254,-73.988639,37425
924,W 59 St & 10 Ave,422.0,40.770513,-73.988038,36363
925,W 63 St & Broadway,3158.0,40.77163851,-73.98261428,44938
926,W 64 St & Thelonious Monk Circle,3697.0,40.77515953434235,-73.98918695747852,33004
927,W 67 St & Broadway,3159.0,40.77492513,-73.98266566,38436
928,W 70 St & Amsterdam Ave,3175.0,40.77748046,-73.98288594,34860
929,W 74 St & Columbus Ave,3172.0,40.7785669,-73.97754961,19249
930,W 76 St & Columbus Ave,3161.0,40.7801839724239,-73.97728532552719,24023
931,W 78 St & Broadway,3162.0,40.78339981,-73.98093133,19921
932,W 82 St & Central Park West,3226.0,40.78275,-73.97137,15557
933,W 84 St & Broadway,3177.0,40.7867947,-73.977112,22260
934,W 84 St & Columbus Ave,3170.0,40.78499979,-73.97283406,25173
935,W 87 St & Amsterdam Ave,3285.0,40.78839,-73.9747,17937
936,W 87 St & West End Ave,3287.0,40.789622,-73.97757,6640
937,W 88 St & West End Ave,3434.0,40.79025417330419,-73.97718340158461,9814
938,W 89 St & Columbus Ave,3283.0,40.7882213,-73.97041561,23308
939,W 90 St & Amsterdam Ave,3289.0,40.79017948095081,-73.97288918495178,13735
940,W 92 St & Broadway,3293.0,40.7921,-73.9739,17347
941,W 95 St & Broadway,3314.0,40.7937704,-73.971888,27969
942,W Broadway & Spring St,3467.0,40.72494672359416,-74.00165855884552,12692
943,W Broadway & Spring Street,3467.0,40.72494672359416,-74.00165855884552,44581
944,W Broadway & W Houston St,3740.0,40.726378,-74.000472,368
945,Warren St,3187.0,40.7211236,-74.03805095,1
946,Warren St & Court St,3298.0,40.686371,-73.99383324,12929
947,Washington Ave & Greene Ave,275.0,40.68650065,-73.96563307,11230
948,Washington Ave & Park Ave,313.0,40.69610226,-73.96751037,17023
949,Washington Park,262.0,40.6917823,-73.9737299,12996
950,Washington Pl & 6 Ave,369.0,40.73224119,-74.00026394,33180
951,Washington Pl & Broadway,335.0,40.72903917,-73.99404649,44188
952,Washington St,3638.0,40.7242941,-74.0354826,4
953,Washington St & Gansevoort St,405.0,40.739323,-74.008119,71129
954,Water - Whitehall Plaza,534.0,40.70255065,-74.0127234,23903
955,Waterbury St & Stagg St,3768.0,40.71019,-73.93734,2698
956,Watts St & Greenwich St,328.0,40.72405549,-74.00965965,41596
957,West Drive & Prospect Park West,3423.0,40.6610633719006,-73.97945255041122,32284
958,West End Ave & W 107 St,3366.0,40.8021174,-73.9681805305,12291
959,West End Ave & W 94 St,3307.0,40.7941654,-73.974124,16231
960,West St & Chambers St,426.0,40.71754834,-74.01322069,116003
961,West Thames St,363.0,40.70834698,-74.01713445,39365
962,White St & Johnson Ave,3769.0,40.707174,-73.93581,1531
963,White St & Moore St,3756.0,40.704508,-73.9351,4604
964,William St & Pine St,360.0,40.70717936,-74.00887308,25752
965,Willoughby Ave & Hall St,244.0,40.69196035,-73.96536851,16678
966,Willoughby Ave & Myrtle Ave,3820.0,40.69757,-73.93098,897
967,Willoughby Ave & Onderdonk Ave,3880.0,40.7098,-73.91727,38
968,Willoughby Ave & Tompkins Ave,3060.0,40.69425403,-73.94626915,6661
969,Willoughby Ave & Walworth St,373.0,40.69331716,-73.95381995,7618
970,Willoughby Ave & Wyckoff Ave,3760.0,40.705614,-73.92153,4377
971,Willoughby St & Fleet St,239.0,40.69196566,-73.9813018,26267
972,Wilson Ave & Moffat St,3866.0,40.68906,-73.90506,200
973,Wilson Ave & Troutman St,3860.0,40.70166,-73.92754,461
974,Withers St & Kingsland Ave,3817.0,40.71773,-73.94051,769
975,Wolcott St & Dwight St,3340.0,40.6753274,-74.0100698,3112
976,Woodward Ave & Harman St,3888.0,40.70793,-73.91092,62
977,Wyckoff Av & Jefferson St,3763.0,40.707165,-73.923711,7087
978,Wyckoff Av & Stanhope St,3780.0,40.703545,-73.917775,604
979,Wyckoff St & 3 Ave,3413.0,40.6827549,-73.98258555,10409
980,Wyckoff St & Bond St,3720.0,40.68461653897949,-73.98721285164356,3707
981,Wyckoff St & Nevins St,3911.0,40.683426,-73.984275,52
982,Wythe Ave & Metropolitan Ave,2002.0,40.716887,-73.963198,39854
983,Yankee Ferry Terminal,3182.0,40.686931,-74.016966,11024
984,York St,3481.0,40.71649,-74.04105,1
