,start station name,start station id,start station latitude,start station longitude,count
0,1 Ave & E 110 St,3496,40.7923272,-73.9383,938
1,1 Ave & E 16 St,504,40.73221853,-73.98165557,3818
2,1 Ave & E 18 St,2003,40.73381219196632,-73.98054420948029,3141
3,1 Ave & E 30 St,536,40.74144387,-73.97536082,3121
4,1 Ave & E 39 St,4121,40.74714,-73.97113,3401
5,1 Ave & E 44 St,455,40.75001986,-73.96905301,1416
6,1 Ave & E 5 St,3744,40.725864,-73.986389,2586
7,1 Ave & E 62 St,3142,40.7612274,-73.96094022,3338
8,1 Ave & E 68 St,3141,40.76500525,-73.95818491,7395
9,1 Ave & E 78 St,3140,40.77140426,-73.9535166,3814
10,1 Ave & E 94 St,3312,40.7817212,-73.94594,1328
11,1 Pl & Clinton St,3386,40.6809591,-73.99905709,384
12,10 Ave & W 28 St,489,40.75066386,-74.00176802,2719
13,10 St & 2 Ave,3795,40.671907,-73.993612,282
14,10 St & 5 Ave,3317,40.6686273,-73.98700053,433
15,10 St & 7 Ave,3306,40.6662078,-73.98199886,603
16,11 Ave & W 27 St,458,40.751396,-74.005226,1683
17,11 Ave & W 41 St,478,40.76030096,-73.99884222,3481
18,11 Ave & W 59 St,530,40.77149671054441,-73.99046033620834,1902
19,11 St & 43 Ave,3620,40.7519071,-73.9479119,244
20,12 Ave & W 125 St,3881,40.818299,-73.960405,491
21,12 Ave & W 40 St,514,40.76087502,-74.00277668,2938
22,12 St & 4 Ave,3322,40.668603,-73.9904394,411
23,14 St & 5 Ave,3319,40.666287,-73.98895053,853
24,14 St & 7 Ave,3310,40.663779,-73.98396846,748
25,18 St & 27 Ave,4309,40.772768286288304,-73.92743647098541,144
26,19 St & 24 Ave,3524,40.7774552,-73.9225403,279
27,2 Ave & 36 St,3478,40.65708866668485,-74.00870203971863,414
28,2 Ave & E 104 St,3425,40.7892105,-73.94370784,847
29,2 Ave & E 122 St,3499,40.8006721,-73.9349,321
30,2 Ave & E 125 St,3994,40.802554,-73.933509,371
31,2 Ave & E 31 St,528,40.74290902,-73.97706058,3499
32,2 Ave & E 72 St,3725,40.7687620293096,-73.95840793848038,3105
33,2 Ave & E 96 St,3318,40.7839636,-73.9471673,1958
34,2 Ave & E 99 St,3338,40.7862586,-73.94552579,826
35,21 Ave & Crescent St,4321,40.780478,-73.912212,6
36,21 Ave & Shore Blvd,4275,40.783956,-73.916894,4
37,21 St & 21 Ave,4327,40.782465,-73.914527,3
38,21 St & 23 Ave,4302,40.778557,-73.919046,167
39,21 St & 31 Dr,3591,40.7659,-73.930819,462
40,21 St & 36 Ave,3564,40.7601853,-73.9362726,184
41,21 St & 38 Ave,3559,40.7576314,-73.9391224,108
42,21 St & 43 Ave,3128,40.75052534,-73.94594845,261
43,21 St & Hoyt Ave S,3513,40.774645,-73.923706,347
44,21 St & Queens Plaza North,3130,40.75325964,-73.94335788,455
45,23 Ave & 27 St,3525,40.776165,-73.9153175,220
46,24 Ave & 26 St,3515,40.774591,-73.918544,200
47,24 Ave & 29 St,3523,40.7729,-73.916142,260
48,24 St & 38 Ave,4310,40.756351,-73.936515,73
49,24 St & 41 Ave,3808,40.752474,-73.939991,326
50,25 Ave & 41 St,4256,40.767666,-73.910963,42
51,27 Ave & 3 St,3811,40.77485,-73.9342,175
52,27 Ave & 9 St,3621,40.7739825,-73.9309134,203
53,27 St & Hunter St,3618,40.7485,-73.941275,590
54,28 Ave & 35 St,3617,40.7671,-73.9169858,312
55,28 Ave & 44 St,3691,40.76408932350688,-73.91065120697021,287
56,28 St & 36 Ave,3563,40.757186,-73.932719,239
57,28 St & 41 Ave,3555,40.751047,-73.93797,519
58,3 Ave & 14 St,3324,40.6685455,-73.99333264,262
59,3 Ave & Carroll St,3762,40.677027,-73.9865,300
60,3 Ave & E 100 St,3327,40.7877214,-73.94728331,452
61,3 Ave & E 112 St,3551,40.795508,-73.941606,476
62,3 Ave & E 163 St,4137,40.823872,-73.908699,91
63,3 Ave & E 169 St,4151,40.832678,-73.905158,73
64,3 Ave & E 170 St,4174,40.834857,-73.903743,133
65,3 Ave & E 172 St,4159,40.839586,-73.900277,36
66,3 Ave & E 174 St - Bathgate Vaccination Site,4161,40.84224,-73.8985,85
67,3 Ave & E 62 St,3134,40.76312584,-73.96526895,1450
68,3 Ave & E 71 St,3152,40.76873687,-73.96119945,915
69,3 Ave & E 72 St,3375,40.7699426,-73.96060712,1011
70,3 Ave & Franklin Ave,4138,40.82696,-73.907451,54
71,3 Ave & Schermerhorn St,298,40.68683208,-73.9796772,951
72,3 St & 3 Ave,3373,40.6750705,-73.98775226,619
73,3 St & 7 Ave,3365,40.6703837,-73.97839676,813
74,3 St & Hoyt St,3381,40.6777287,-73.99364123,292
75,3 St & Prospect Park West,3354,40.668132,-73.97363831,1106
76,30 Ave & 21 St,3612,40.7703743,-73.9286078,291
77,30 Ave & 41 St,4263,40.763422,-73.914142,114
78,30 Ave & 47 St,4314,40.761294,-73.909562,43
79,31 Ave & 14 St,3607,40.7682,-73.9322662,218
80,31 Ave & 30 St,3603,40.7647,-73.9240312,560
81,31 Ave & 34 St,3602,40.763154,-73.920827,680
82,31 Ave & 57 St,4319,40.757357,-73.904726,16
83,31 Ave & 61 St,4271,40.757525,-73.901614,5
84,31 Ave & Crescent St,3605,40.7658346,-73.9265474,630
85,31 Ave & Steinway St,3600,40.7611488,-73.9170071,644
86,31 Rd & 21 St,4330,40.766824,-73.930486,9
87,31 St & 21 Ave,4289,40.77813,-73.90842,9
88,31 St & 23 Ave,3526,40.7747878,-73.9125551,782
89,31 St & Astoria Blvd,3516,40.7699176,-73.9184057,424
90,31 St & Broadway,3593,40.761584,-73.925921,804
91,31 St & Ditmars Blvd,4320,40.776168,-73.910485,9
92,31 St & Hoyt Ave N,3517,40.7711528,-73.9170074,199
93,31 St & Newtown Ave,3721,40.7675487799971,-73.9209334552288,879
94,31 St & Northern Blvd,3654,40.75186951421875,-73.93349289894103,318
95,31 St & Thomson Ave,3123,40.74469738,-73.93540375,263
96,34 Ave & 13 St,3586,40.7638753,-73.9364848,109
97,34 Ave & 21 St,3577,40.7628138,-73.9342862,176
98,34 Ave & 31 St,4305,40.759604471387945,-73.92714411020279,192
99,34 Ave & 38 St,3572,40.756913,-73.921631,636
100,34 Ave & 45 St,4258,40.754795,-73.917014,26
101,34 Ave & 48 St,4316,40.75388,-73.914952,49
102,34 St & 35 Ave,3568,40.7569332,-73.9262231,240
103,34 St & 38 Ave,4254,40.752443,-73.929737,64
104,34th Ave & Vernon Blvd,4304,40.76535380385866,-73.93986314535141,171
105,35 Ave & 10 St,3646,40.76315481910373,-73.93985509872437,208
106,35 Ave & 37 St,3570,40.7557327,-73.9236611,354
107,35 St & 23 Ave,4306,40.77301508291382,-73.91119033098221,188
108,35 St & 30 Ave,4329,40.76547569244953,-73.91811579465866,411
109,35 St & 34 Ave,3573,40.7580583,-73.9242751,282
110,35 St & Broadway,3595,40.760339,-73.9222427,459
111,36 Ave & 10 St,3565,40.7614376,-73.9411265,292
112,36 Ave & 31 St,3745,40.75651272984955,-73.92957486212252,511
113,36 St & Ditmars Blvd,4261,40.774306,-73.908335,17
114,37 Ave & 35 St,3561,40.7531106,-73.9279917,255
115,37 St & 24 Ave,3522,40.7701477,-73.9120938,212
116,38 Ave & 29 St,3892,40.75473,-73.93367,279
117,38 St & Northern Blvd,4262,40.752372,-73.925384,32
118,39 St & 2 Ave,3477,40.65539977447831,-74.01062786579132,226
119,4 Ave & 9 St,3403,40.6705135,-73.98876585,522
120,4 Ave & E 12 St,3905,40.732647,-73.99011,1812
121,40 Ave & 9 St,3557,40.75742,-73.945133,192
122,40 Ave & Crescent St,3716,40.7535992020056,-73.93795609474182,222
123,42 Pl & Northern Blvd,4255,40.753091,-73.920603,89
124,43 St & 23 Ave,4260,40.769673,-73.906018,13
125,43 St & 35 Ave,4284,40.754139,-73.919543,34
126,43 St & 37 Ave,4257,40.750181,-73.919998,65
127,43 St & Broadway,3597,40.7577284,-73.9166368,562
128,44 Dr & 21 St,3615,40.748,-73.9460927,685
129,44 Dr & Jackson Ave,3126,40.74718234,-73.9432635,708
130,45 Rd & 11 St,3125,40.74708586,-73.94977234,731
131,46 Ave & 5 St,3124,40.74731,-73.95451,929
132,46 St & 25 Ave,4285,40.765753,-73.90676,28
133,46 St & 28 Ave,4313,40.763328,-73.908782,22
134,46 St & 30 Rd,4315,40.76072,-73.910989,15
135,47 Ave & 31 St,3221,40.743,-73.93561,321
136,47 Ave & Skillman Ave,3704,40.7437524099784,-73.94176483154297,74
137,48 Ave & 30 Pl,3647,40.74128309355993,-73.93725872039794,213
138,48 Ave & 5 St,3122,40.74436328706688,-73.9558732509613,279
139,48 St & 37 Ave,4331,40.751555,-73.915026,18
140,48 St & Broadway,4264,40.755763,-73.912715,57
141,49 Ave & 21 St,3606,40.74252,-73.948852,178
142,49 St & 31 Ave,4265,40.758057,-73.909831,35
143,5 Av & W 139 St,3997,40.815484,-73.935856,513
144,5 Ave & 3 St,3368,40.6728155,-73.98352355,1087
145,5 Ave & E 103 St,3367,40.7922553,-73.95249933,1761
146,5 Ave & E 126 St,3527,40.80698,-73.941747,656
147,5 Ave & E 135 St,3995,40.812191,-73.937838,355
148,5 Ave & E 29 St,474,40.7451677,-73.98683077,2331
149,5 Ave & E 63 St,3136,40.766368,-73.971518,1231
150,5 Ave & E 72 St,3137,40.77282817,-73.96685276,2693
151,5 Ave & E 78 St,3143,40.77632142182271,-73.96427392959595,2240
152,5 Ave & E 88 St,3282,40.78307,-73.95939,2526
153,5 Ave & E 93 St,3292,40.7857851,-73.957481,1457
154,5 Ave & W 131 St,3926,40.81014,-73.93973,376
155,5 St & 51 Ave,3608,40.7423737,-73.9566,144
156,5 St & 6 Ave,3405,40.6704836,-73.98208968,289
157,50 St & 30 Ave,4266,40.760083,-73.907107,19
158,50 St & Northern Blvd,4268,40.753441,-73.912402,59
159,51 St & Hobart St,4317,40.757764,-73.907654,19
160,57 St & 1 Ave - Brooklyn Army Terminal Vaccination Site,4386,40.646377,-74.023087,7
161,58 St & 2 Ave - Brooklyn Army Terminal Vaccination Site,4387,40.644512,-74.021506,17
162,6 Ave & 12 St,3313,40.6663181,-73.9854617,421
163,6 Ave & 9 St,3304,40.668127,-73.98377641,659
164,6 Ave & Broome St,3746,40.724308321602166,-74.00473035871983,2299
165,6 Ave & Canal St,377,40.72243797,-74.00566443,864
166,6 Ave & W 33 St,505,40.74901271,-73.98848395,3796
167,6 Ave & W 34 St,3799,40.74964,-73.98805,2903
168,6 Ave & W 45 St,4232,40.756951,-73.982631,2115
169,6 St & 7 Ave,3297,40.6686627,-73.97988067,829
170,62 St & Northern Blvd,4270,40.754176,-73.900318,39
171,7 Ave & Central Park South,3724,40.7667405590595,-73.9790689945221,2282
172,7 Ave & Park Pl,3416,40.6776147,-73.97324283,1132
173,7 St & 3 Ave,3399,40.67260298150126,-73.98983001708984,288
174,7 St & 5 Ave,3404,40.6704922,-73.98541675,531
175,8 Ave & W 16 St,3894,40.740983,-74.001702,2067
176,8 Ave & W 31 St,3255,40.7505853470215,-73.9946848154068,3062
177,8 Ave & W 33 St,490,40.751551,-73.993934,3903
178,8 Ave & W 38 St,4044,40.75461,-73.99177,3745
179,8 Ave & W 52 St,447,40.76370739,-73.9851615,3032
180,8 St & Astoria Blvd,4311,40.7725996921817,-73.93266275525093,97
181,9 Ave & W 18 St,434,40.74317449,-74.00366443,1493
182,9 Ave & W 22 St,509,40.7454973,-74.00197139,4111
183,9 Ave & W 28 St,3259,40.74937024193277,-73.99923384189606,786
184,9 Ave & W 45 St,479,40.76019252,-73.9912551,2855
185,9 St & 44 Rd,3127,40.74966,-73.9521,181
186,Adam Clayton Powell Blvd & W 115 St,3511,40.802535,-73.9532423,575
187,Adam Clayton Powell Blvd & W 118 St,3520,40.804372,-73.951475,572
188,Adam Clayton Powell Blvd & W 123 St,3510,40.8078316,-73.949373,634
189,Adam Clayton Powell Blvd & W 126 St,3629,40.80949534777948,-73.94776493310928,1097
190,Adam Clayton Powell Blvd & W 130 St,4016,40.812346,-73.946168,428
191,Adam Clayton Powell Blvd & W 132 St,3928,40.813539,-73.94521,486
192,Adam Clayton Powell Blvd & W 138 St,3999,40.81695971032464,-73.9422959089279,737
193,Adam Clayton Powell Blvd & W 141 St,4023,40.819241,-73.941057,445
194,Adam Clayton Powell Blvd & W 151 St,4041,40.825289,-73.936232,101
195,Adelphi St & Myrtle Ave,270,40.69308257,-73.97178913,896
196,Albany Ave & Fulton St,3044,40.6800105,-73.938475,234
197,Alexander Ave & E 134 St,3922,40.807466,-73.927107,116
198,Allen St & Hester St,361,40.71605866,-73.99190759,2537
199,Allen St & Rivington St,401,40.72019576,-73.98997825,2588
200,Allen St & Stanton St,312,40.722055,-73.989111,2809
201,Amsterdam Ave & W 119 St,3542,40.8086249,-73.9596214,421
202,Amsterdam Ave & W 125 St,3541,40.813358,-73.956461,476
203,Amsterdam Ave & W 131 St,3935,40.816355,-73.954295,120
204,Amsterdam Ave & W 136 St,3945,40.819746,-73.951819,177
205,Amsterdam Ave & W 152 St,3980,40.829523,-73.944279,150
206,Amsterdam Ave & W 156 St,4047,40.832081,-73.942386,120
207,Amsterdam Ave & W 162 St,4052,40.83618,-73.939789,129
208,Amsterdam Ave & W 167 St,4057,40.839443,-73.937044,210
209,Amsterdam Ave & W 172 St,4060,40.842173,-73.935111,99
210,Amsterdam Ave & W 175 St,4062,40.844044,-73.933651,69
211,Amsterdam Ave & W 180 St,4067,40.847396,-73.931205,76
212,Amsterdam Ave & W 183 St,4109,40.84925,-73.93022,128
213,Amsterdam Ave & W 66 St,3356,40.7746671,-73.98470567,1122
214,Amsterdam Ave & W 73 St,3167,40.77966809007312,-73.98093044757842,3523
215,Amsterdam Ave & W 82 St,3171,40.78524672,-73.97667321,2153
216,Anderson Ave & W 164 St,4129,40.832057,-73.927421,33
217,Astoria Park S & Shore Blvd,3514,40.7767,-73.927631,415
218,Atlantic Ave & Fort Greene Pl,83,40.68382604,-73.97632328,1043
219,Atlantic Ave & Furman St,398,40.69165183,-73.9999786,1100
220,Audobon Ave & W 179 St,4066,40.847305,-73.933291,87
221,Avenue C & E 18 St,3733,40.730563,-73.973984,1193
222,Avenue D & E 10 St,4110,40.72506551015475,-73.97515833377838,981
223,Avenue D & E 3 St,302,40.72082834,-73.97793172,1468
224,Avenue D & E 8 St,3918,40.72387,-73.975767,1089
225,Baltic St & 5 Ave,3417,40.6795766,-73.97854971,793
226,Bank St & Hudson St,346,40.73652889,-74.00618026,1955
227,Bank St & Washington St,238,40.7361967,-74.00859207,1385
228,Banker St & Meserole Ave,3109,40.72606,-73.95621,632
229,Barclay St & Church St,417,40.71291224,-74.01020234,990
230,Barrow St & Hudson St,127,40.73172428,-74.00674436,2039
231,Barry St & Tiffany St,4142,40.816126,-73.891559,17
232,Bayard St & Baxter St,355,40.71602118,-73.99974372,1857
233,Bayard St & Leonard St,3452,40.71915571696044,-73.94885390996933,628
234,Beaver St & Fayette St,3823,40.70099,-73.93921,559
235,Beck St & Leggett Ave,4133,40.815077,-73.899939,84
236,Bedford Ave & Bergen St,3571,40.676368,-73.952918,1014
237,Bedford Ave & Montgomery St,3803,40.665816,-73.956934,295
238,Bedford Ave & Nassau Ave,3107,40.72311651,-73.95212324,1247
239,Bedford Ave & S 9 St,443,40.70853074,-73.96408963,341
240,Bergen Ave & E 152 St,3982,40.817166,-73.914737,79
241,Bergen St & Flatbush Ave,3414,40.680944723477296,-73.97567331790923,860
242,Bergen St & Smith St,3409,40.6867443,-73.99063168,1693
243,Bergen St & Vanderbilt Ave,3558,40.6794388,-73.9680438,900
244,Berkeley Pl & 6 Ave,3339,40.6765304,-73.97846879,551
245,Berkeley Pl & 7 Ave,3346,40.675146838709786,-73.97523209452629,1054
246,Berry St & N 8 St,3092,40.7190095,-73.95852515,1493
247,Bialystoker Pl & Delancey St,356,40.71622644,-73.98261206,991
248,Boerum St & Broadway,3071,40.70538077,-73.94976519,452
249,Bond St & Bergen St,3411,40.6849668,-73.98620772,632
250,Bond St & Fulton St,3232,40.68962188790333,-73.98304268717766,1285
251,Boone Ave & E 172 St,4163,40.832649,-73.885272,56
252,Boston Rd & E 167 St,4171,40.828199,-73.903719,34
253,Boston Rd & Prospect Ave,4157,40.833246,-73.896599,35
254,Bradhurst Ave & W 148 St,4020,40.825125,-73.941616,256
255,Broad St & Bridge St,260,40.70365182,-74.01167797,588
256,Broadway & 12 St,3589,40.7668,-73.9347774,301
257,Broadway & 49 St,4318,40.755389,-73.911517,17
258,Broadway & 51 St,4269,40.754164,-73.908906,3
259,Broadway & Battery Pl,304,40.70463334,-74.01361706,1484
260,Broadway & Berry St,389,40.71044554,-73.96525063,1225
261,Broadway & E 14 St,285,40.73454567,-73.99074142,4048
262,Broadway & E 22 St,402,40.7403432,-73.98955109,4168
263,Broadway & Furman Ave,3825,40.68139,-73.90756,82
264,Broadway & Hancock St,3831,40.68663,-73.9168,203
265,Broadway & Kosciuszko St,3837,40.69329,-73.92852,317
266,Broadway & Madison St,3879,40.68822,-73.91966,474
267,Broadway & Moylan Pl,3547,40.8143256,-73.9590255,659
268,Broadway & Roebling St,3078,40.70924826276157,-73.96063148975372,815
269,Broadway & W 122 St,3545,40.8120562,-73.9612547,422
270,Broadway & W 131 St,4018,40.817555,-73.957163,305
271,Broadway & W 133 St,3942,40.8190344,-73.956156,286
272,Broadway & W 153 St,4035,40.831327,-73.946665,163
273,Broadway & W 155 St,4188,40.83299,-73.94592,228
274,Broadway & W 160 St,4071,40.835775,-73.9434,338
275,Broadway & W 165 St,4056,40.839137,-73.941409,211
276,Broadway & W 25 St,3641,40.74286877312112,-73.98918628692627,3821
277,Broadway & W 29 St,486,40.7462009,-73.98855723,2641
278,Broadway & W 36 St,267,40.75097711,-73.98765428,1242
279,Broadway & W 37 St,362,40.75172632,-73.98753523,854
280,Broadway & W 38 St,533,40.75299641,-73.98721619,1765
281,Broadway & W 41 St,465,40.75513557,-73.98658032,2646
282,Broadway & W 49 St,173,40.76068327096592,-73.9845272898674,2079
283,Broadway & W 51 St,500,40.76228826,-73.98336183,1441
284,Broadway & W 53 St,469,40.76344058,-73.98268129,1769
285,Broadway & W 56 St,468,40.7652654,-73.98192338,2837
286,Broadway & W 58 St,457,40.76695317,-73.98169333,3476
287,Broadway & W 60 St,499,40.76915505,-73.98191841,5072
288,Broadway & Whipple St,3067,40.7016657,-73.9437303,679
289,Bronx Shore Comfort Station,4115,40.80046,-73.92404,93
290,Brook Ave & E 138 St,3949,40.807408,-73.91924,120
291,Brook Ave & E 141 St,3950,40.809619,-73.917875,44
292,Brook Ave & E 148 St,3964,40.814383,-73.915368,112
293,Brook Ave & E 157 St,3975,40.820713,-73.911759,64
294,Brooklyn Bridge Park - Pier 2,3782,40.698458,-73.997178,452
295,Bruckner Blvd & Bryant Ave,4245,40.821952,-73.888546,142
296,Bulova Ave & Brooklyn Queens Expressway W,4267,40.762507,-73.902534,5
297,Bus Slip & State St,427,40.701907,-74.013942,496
298,Bushwick Ave & Dekalb Ave,3842,40.69502,-73.92825,244
299,Bushwick Ave & Forrest St,3822,40.70076,-73.93641,204
300,Bushwick Ave & Furman Ave,3871,40.68281,-73.90623,63
301,Bushwick Ave & Harman St,3838,40.69356,-73.92524,312
302,Bushwick Ave & Linden St,3836,40.69146,-73.92146,173
303,Bushwick Ave & McKibbin St,3764,40.705517,-73.93936,227
304,Bushwick Ave & Powers St,3083,40.71247661,-73.94100005,405
305,Bushwick Ave & Stagg St,3765,40.709897,-73.94008,166
306,Butler St & Court St,3303,40.6849894,-73.99440329,491
307,Cabrini Blvd & W 177 St,4069,40.848282,-73.941343,161
308,Cadman Plaza E & Red Cross Pl,321,40.69991755,-73.98971773,827
309,Cadman Plaza E & Tillary St,232,40.69597683,-73.99014892,699
310,Calyer St & Jewel St,3818,40.72984,-73.94839,483
311,Cambridge Pl & Gates Ave,3049,40.68488,-73.96304,684
312,Canal St & Rutgers St,307,40.71427487,-73.98990025,2901
313,Carlton Ave & Dean St,3537,40.6809741,-73.9710097,817
314,Carlton Ave & Flushing Ave,242,40.697787,-73.973736,479
315,Carlton Ave & Park Ave,419,40.69580705,-73.97355569,358
316,Carmine St & 6 Ave,368,40.73038599,-74.00214988,3504
317,Carroll St & 5 Ave,3364,40.6751622,-73.9814832,807
318,Carroll St & 6 Ave,3361,40.6740886,-73.9787282,687
319,Carroll St & Bond St,3377,40.6786115,-73.99037292,476
320,Carroll St & Columbia St,3389,40.6830456,-74.00348559,540
321,Carroll St & Franklin Ave,3590,40.6679411,-73.9588,282
322,Carroll St & Smith St,3382,40.680611,-73.99475825,872
323,Carroll St & Washington Ave,3587,40.6686744,-73.9618148,144
324,Cathedral Pkwy & Broadway,3383,40.804213,-73.96699104,1852
325,Catherine St & Monroe St,2009,40.71117444,-73.99682619,1213
326,Cauldwell Ave & E 158 St,4031,40.81989,-73.908351,31
327,Cauldwell Ave & E 161 St,3978,40.82188,-73.907521,41
328,Cedar St & Evergreen Ave,3847,40.69671,-73.92807,122
329,Cedar St & Myrtle Ave,3761,40.697842,-73.926241,166
330,Center Blvd & 48 Ave,3613,40.745038,-73.957539,326
331,Center Blvd & 51 Ave,3726,40.74336608027021,-73.95960688591003,614
332,Central Ave & Covert St,3864,40.68929,-73.90951,102
333,Central Ave & Decatur St,3829,40.6882,-73.90798,116
334,Central Ave & Flushing Ave,3770,40.702831,-73.9333,238
335,Central Ave & Himrod St,3846,40.69676,-73.92302,267
336,Central Ave & Melrose St,3907,40.70112,-73.93039,142
337,Central Ave & Starr Street,3776,40.700003,-73.92834,182
338,Central Ave & Weirfield St,3832,40.69055,-73.91181,241
339,Central Ave & Woodbine St,3863,40.69296,-73.91605,199
340,Central Park North & Adam Clayton Powell Blvd,3374,40.799484,-73.955613,2410
341,Central Park S & 6 Ave,2006,40.76590936,-73.97634151,3154
342,Central Park W & W 103 St,4123,40.79603684159984,-73.96158903853575,1079
343,Central Park W & W 91 St,4124,40.78866499127884,-73.96680057048798,1849
344,Central Park W & W 97 St,4122,40.79249519495111,-73.96417066463071,1835
345,Central Park West & W 68 St,3163,40.7734066,-73.97782542,2908
346,Central Park West & W 72 St,3165,40.77579376683666,-73.9762057363987,3364
347,Central Park West & W 76 St,3160,40.77896784,-73.97374737,2148
348,Central Park West & W 85 St,4075,40.78476,-73.969862,2146
349,Centre St & Chambers St,387,40.71273266,-74.0046073,1718
350,Centre St & Seneca Ave,3884,40.69969,-73.9022,72
351,Centre St & Worth St,386,40.71494807,-74.00234482,1087
352,Charlotte St & Boston Rd,4230,40.8358771,-73.8931428,11
353,Cherry St,332,40.71219906,-73.97948148,1488
354,Christopher St & Greenwich St,358,40.73291553,-74.00711384,2817
355,Clark St & Henry St,391,40.69760127,-73.99344559,1610
356,Classon Ave & St Marks Ave,3562,40.6765198,-73.9596082,663
357,Clay Ave & Claremont Pkwy,4201,40.83999,-73.90549,85
358,Clay Ave & E 173 St,4108,40.843264,-73.904867,70
359,Clermont Ave & Lafayette Ave,420,40.68764484,-73.96968902,517
360,Clermont Ave & Park Ave,421,40.69573398,-73.97129668,399
361,Cleveland Pl & Spring St,151,40.722103786686034,-73.99724900722504,3589
362,Cliff St & Fulton St,3783,40.70838,-74.00495,1357
363,Clinton Ave & Flushing Ave,343,40.69794,-73.96986848,349
364,Clinton Ave & Myrtle Ave,366,40.693261,-73.968896,1158
365,Clinton St & 4 Place,3396,40.6783563,-74.00014502,481
366,Clinton St & Centre St,3326,40.67434,-74.00194698,241
367,Clinton St & Grand St,350,40.71559509,-73.9870295,4158
368,Clinton St & Joralemon St,143,40.69239502,-73.99337909,1149
369,Clinton St & Tillary St,4225,40.69623297129316,-73.99142056703568,669
370,Clinton St & Union St,3321,40.6831164,-73.99785267,571
371,Coffey St & Conover St,3348,40.677236,-74.015665,240
372,College Ave & E 170 St,4128,40.837576,-73.910489,14
373,Columbia Heights & Cranberry St,216,40.70037867,-73.99548059,446
374,Columbia St & Degraw St,3422,40.6859296,-74.00242364,445
375,Columbia St & Kane St,3311,40.68763155,-74.0016256,566
376,Columbia St & Lorraine St,3333,40.6747055,-74.0075572,61
377,Columbia St & Rivington St,342,40.71739973,-73.98016555,1401
378,Columbia St & W 9 St,3394,40.6769993,-74.00647134,82
379,Columbus Ave & W 103 St,3302,40.7969347,-73.9643412291,383
380,Columbus Ave & W 72 St,3164,40.7770575,-73.97898475,3808
381,Columbus Ave & W 95 St,3301,40.7919557,-73.968087,3056
382,Commerce St & Van Brunt St,3392,40.6812117,-74.00860912,340
383,Concord St & Bridge St,278,40.69766564,-73.98476437,513
384,Concourse Village East & E 158 St,4078,40.823732,-73.919379,69
385,Concourse Village West & E 156 St,4105,40.823162,-73.923267,39
386,Congress St & Clinton St,3408,40.6881529,-73.99520919,777
387,Convent Ave & W 135 St,3944,40.818215,-73.950988,144
388,Convent Ave & W 151 St,4013,40.82831,-73.942924,134
389,Cooper Square & Astor Pl,3263,40.72951496224949,-73.99075269699097,2332
390,Court St & Nelson St,3397,40.6763947,-73.99869893,521
391,Court St & State St,3402,40.6902375,-73.99203074,1481
392,Courtlandt Ave & E 149 St,4029,40.816402,-73.919549,146
393,Courtlandt Ave & E 157 St,4030,40.822267,-73.916792,61
394,Crescent St & 30 Ave,3614,40.768692,-73.9249574,686
395,Crescent St & 34 Ave,3575,40.76108,-73.930562,466
396,Crescent St & 35 Ave,3566,40.7596276,-73.9321455,318
397,Crescent St & Broadway,3592,40.7633589,-73.9286471,797
398,Crescent St & Ditmars Blvd,3530,40.7787185,-73.9145645,272
399,Crotona Park East & E 173 St,4227,40.837037,-73.890413,13
400,Crotona Park North & Prospect Ave,4205,40.841092,-73.892317,79
401,Cumberland St & Lafayette Ave,416,40.68753406,-73.97265183,813
402,Cypress Ave & George St,3878,40.69812,-73.90271,43
403,Cypress Ave & Palmetto St,3895,40.70157340873792,-73.90876293182373,44
404,Dawson St & Intervale Ave,4202,40.819999,-73.897263,29
405,DeKalb Ave & Franklin Ave,3755,40.69064807082943,-73.95746178925037,643
406,DeKalb Ave & Hudson Ave,324,40.689888,-73.981013,1052
407,DeKalb Ave & S Portland Ave,241,40.68981035,-73.97493121,1103
408,DeKalb Ave & Vanderbilt Ave,258,40.68940747,-73.96885458,959
409,Dean St & 4 Ave,467,40.68312489,-73.97895137,1048
410,Dean St & Franklin Ave,3673,40.67759206937376,-73.955637216568,884
411,Dean St & Hoyt St,3410,40.6864442,-73.98759104,650
412,Degraw St & Hoyt St,3332,40.68199044270703,-73.99079024791718,462
413,Degraw St & Smith St,3329,40.6829151,-73.99318208,608
414,Delancey St & Eldridge St,3738,40.719383,-73.991479,828
415,Devoe St & Lorimer St,3453,40.71335226222875,-73.9491033554077,746
416,Devoe St & Morgan Ave,3772,40.713811,-73.93515,346
417,Ditmars Ave & 43 St,4272,40.771203,-73.903865,30
418,Ditmars Blvd & 19 St,3532,40.78145,-73.9183302,362
419,Ditmars Blvd & 48 St,4273,40.769219,-73.901001,10
420,Division Ave & Hooper St,3714,40.70684203101325,-73.9544353965357,513
421,Division Ave & Marcy Ave,3075,40.70708701,-73.95796783,187
422,Division St & Bowery,3786,40.714193,-73.996732,1519
423,Dock 72 Way & Market St,3787,40.69985,-73.97141,549
424,Douglass St & 3 Ave,3420,40.6802133,-73.98432695,590
425,Douglass St & 4 Ave,3419,40.6792788,-73.98154004,662
426,Driggs Ave & Lorimer St,3102,40.72179134,-73.9504154,744
427,Driggs Ave & N 9 St,3715,40.71816969454208,-73.95520135760307,1348
428,Driggs Ave & N Henry St,3106,40.72325,-73.94308,691
429,Duane St & Greenwich St,276,40.71748752,-74.0104554,819
430,Duffield St & Willoughby St,390,40.69221589,-73.9842844,975
431,Dwight St & Van Dyke St,3337,40.67363551341504,-74.01195555925369,194
432,E 10 St & Avenue A,445,40.72740794,-73.98142006,3229
433,E 102 St & 1 Ave,3351,40.7869946,-73.94164802,1047
434,E 102 St & Park Ave,3363,40.7904828,-73.95033068,757
435,E 103 St & Lexington Ave,3379,40.7903051,-73.94755757,746
436,E 106 St & 1 Ave,3391,40.7892529,-73.93956237,677
437,E 106 St & Lexington Ave,3424,40.791976,-73.945993,675
438,E 106 St & Madison Ave,3387,40.7934337,-73.94945003,547
439,E 109 St & 3 Ave,3390,40.79329668,-73.9432083,522
440,E 11 St & 1 Ave,326,40.72953837,-73.98426726,2372
441,E 11 St & 2 Ave,237,40.73047309,-73.98672378,2851
442,E 11 St & Avenue B,3718,40.72746420692392,-73.97950418293476,1884
443,E 110 St & Madison Ave,3400,40.7961535,-73.94782145,1148
444,E 114 St & 1 Ave,3495,40.7945663,-73.9362541,412
445,E 115 St & Lexington Ave,3494,40.797911,-73.9423,712
446,E 115 St & Madison Ave,3500,40.7989445,-73.944846,433
447,E 116 St & 2 Ave,3490,40.796879,-73.937261,550
448,E 118 St & 1 Ave,3491,40.79747,-73.93504,623
449,E 118 St & 3 Ave,3493,40.799139,-73.9389152,704
450,E 118 St & Madison Ave,3501,40.8014866,-73.9442507,574
451,E 118 St & Park Ave,3492,40.8005385,-73.9419949,315
452,E 12 St & 3 Ave,483,40.73223272,-73.98889957,1954
453,E 12 St & Ave C,3736,40.727243,-73.976831,145
454,E 123 St & Lexington Ave,3504,40.8029263,-73.9379,262
455,E 128 St & 3 Ave,3988,40.805631,-73.934077,27
456,E 128 St & Madison Ave,3622,40.80756,-73.939182,266
457,E 13 St & Avenue A,3711,40.72966729392978,-73.98067966103554,4995
458,E 132 St & Madison Ave,3920,40.810224,-73.937195,303
459,E 133 St & Cypress Pl,3938,40.80262,-73.9174,23
460,E 134 St & Walnut Ave,3940,40.800425,-73.911034,22
461,E 135 St & St Ann's Ave,3937,40.805089,-73.918889,117
462,E 138 St & 5 Av,4017,40.81449,-73.936153,330
463,E 138 St & Canal St W,3925,40.812304,-73.929153,65
464,E 138 St & Cypress Ave,3948,40.805559,-73.914718,63
465,E 138 St & Grand Concourse,4021,40.813224,-73.930605,73
466,E 138 St & Willow Ave,3947,40.804168,-73.911545,56
467,E 141 St & Jackson Ave,3952,40.806896,-73.911837,49
468,E 141 St & St Ann's Ave,3951,40.808633,-73.916124,119
469,E 142 St & 3 Ave,3930,40.812735,-73.923697,58
470,E 144 St & Brook Ave,3957,40.811675,-73.917037,61
471,E 147 St & Bergen Ave,4006,40.814673,-73.91839,117
472,E 149 St & Eagle Ave,3965,40.814046,-73.91186,70
473,E 149 St & Jackson Ave,3987,40.813135,-73.909235,110
474,E 149 St & Morris Ave,3986,40.81734,-73.922962,312
475,E 149 St & Park Ave,4186,40.818154,-73.925294,36
476,E 15 St & 3 Ave,297,40.734232,-73.986923,2960
477,E 150 St & Gerard Ave,4076,40.820089,-73.928947,122
478,E 153 St & E 157 St,4101,40.826677,-73.929327,63
479,E 155 St & Courtlandt Ave,4032,40.82057,-73.917579,40
480,E 156 & Brook Ave,3976,40.819823,-73.912411,233
481,E 157 St & River Ave,4126,40.825737,-73.927311,137
482,E 158 St & Melrose Ave,3972,40.822215,-73.914688,47
483,E 16 St & 5 Ave,496,40.73726186,-73.99238967,2380
484,E 16 St & Irving Pl,3463,40.735367055605394,-73.98797392845154,1128
485,E 160 St & Tinton Ave,3985,40.820302,-73.903944,31
486,E 161 St & Park Ave,4198,40.824811,-73.916407,105
487,E 161 St & River Ave,4125,40.827883,-73.927111,291
488,E 163 St & Tiffany St,4147,40.821075,-73.895069,33
489,E 163 St & Union Ave,4140,40.822545,-73.901824,32
490,E 165 St & Clay Ave,4165,40.82809,-73.91288,75
491,E 165 St & Fox St,4153,40.82394,-73.894025,29
492,E 165 St & Jerome Ave,4095,40.83263,-73.925101,19
493,E 167 St & Bryant Ave,4204,40.826706,-73.888719,60
494,E 167 St & Clay Ave,4195,40.83094,-73.91125,71
495,E 167 St & Franklin Ave,4149,40.82895,-73.90521,14
496,E 169 St & Fox St,4155,40.827184,-73.893721,32
497,E 169 St & Webster Ave,4099,40.834015,-73.908863,54
498,E 17 St & Broadway,497,40.73704984,-73.99009296,5522
499,E 170 St & Clay Ave,4107,40.837213,-73.908345,33
500,E 170 St & Sheridan Ave,4308,40.838315,-73.912604,18
501,E 170 St & Webster Ave,4249,40.83617913677475,-73.90730146322765,103
502,E 171 St & Webster Ave,4175,40.838379,-73.905838,28
503,E 174 St & Longfellow Ave,4164,40.836274,-73.884308,65
504,E 174 St & Walton Ave,4200,40.844811,-73.912042,81
505,E 19 St & 3 Ave,325,40.73624527,-73.98473765,2290
506,E 2 St & 2 Ave,403,40.72502876,-73.99069656,2282
507,E 2 St & Avenue A,3656,40.72307749068673,-73.98583620786667,2635
508,E 2 St & Avenue B,301,40.72217444,-73.98368779,2657
509,E 2 St & Avenue C,150,40.7208736,-73.98085795,2008
510,E 20 St & 2 Ave,461,40.73587678,-73.98205027,3113
511,E 20 St & FDR Drive,487,40.73314259,-73.97573881,2268
512,E 20 St & Park Ave,503,40.73827428,-73.98751968,2256
513,E 23 St & 1 Ave,545,40.736502,-73.97809472,3093
514,E 25 St & 1 Ave,174,40.7381765,-73.97738662,2054
515,E 25 St & 2 Ave,507,40.73912601,-73.97973776,3099
516,E 27 St & 1 Ave,2012,40.739445,-73.976806,4586
517,E 27 St & Park Ave S,4111,40.74275179648995,-73.9847157150507,439
518,E 30 St & Park Ave S,546,40.74444921,-73.98303529,1619
519,E 31 St & 3 Ave,476,40.74394314,-73.97966069,3222
520,E 32 St & Park Ave,472,40.7457121,-73.98194829,2470
521,E 33 St & 1 Ave,3687,40.74322681432173,-73.97449783980846,5118
522,E 33 St & 5 Ave,526,40.74765947,-73.98490707,2109
523,E 39 St & Lexington Ave,4120,40.7494985460252,-73.97729203113158,2866
524,E 4 St & 2 Ave,439,40.7262807,-73.98978041,2360
525,E 41 St & Madison Ave,3235,40.752165280621966,-73.97992193698882,1399
526,E 43 St & 2 Ave,2017,40.75022392,-73.97121414,1524
527,E 43 St & 5 Ave,3680,40.754120810779256,-73.98025184869766,1077
528,E 44 St & 2 Ave,3462,40.75118387463277,-73.97138714790344,1023
529,E 44 St & Lexington Ave,4240,40.752643,-73.974996,572
530,E 45 St & 3 Ave,440,40.75255434,-73.97282625,1139
531,E 47 St & 1 Ave,516,40.75206862,-73.96784384,1025
532,E 47 St & 2 Ave,164,40.75323098,-73.97032517,1420
533,E 47 St & Park Ave,359,40.75510267,-73.97498696,1809
534,E 48 St & 3 Ave,228,40.7546011026,-73.971878855,1213
535,E 48 St & 5 Ave,3233,40.75724567911726,-73.97805914282799,1875
536,E 5 St & Avenue C,393,40.72299208,-73.97995466,1399
537,E 50 St & Park Ave,4239,40.757334,-73.974235,499
538,E 51 St & 1 Ave,454,40.75455731,-73.96592976,1504
539,E 51 St & 2 Ave,3815,40.755293,-73.967641,1614
540,E 51 St & Lexington Ave,522,40.75714758,-73.97207836,1071
541,E 53 St & 3 Ave,3459,40.75763227739443,-73.96930575370789,1291
542,E 53 St & Lexington Ave,367,40.75828065,-73.97069431,1184
543,E 53 St & Madison Ave,456,40.7597108,-73.97402311,1713
544,E 54 St & 1 Ave,4279,40.756265,-73.964179,1119
545,E 55 St & 2 Ave,385,40.75797322,-73.96603308,2100
546,E 56 St & 3 Ave,464,40.75934501,-73.96759673,1272
547,E 56 St & Madison Ave,3814,40.761573,-73.972628,1231
548,E 58 St &  1 Ave (NW Corner),3734,40.759125,-73.962658,1576
549,E 58 St & 1 Ave (NE Corner),3243,40.75892386377695,-73.96226227283478,724
550,E 58 St & 3 Ave,305,40.76095756,-73.96724467,3077
551,E 58 St & Madison Ave,3457,40.76302594280519,-73.97209525108337,1133
552,E 59 St & Madison Ave,3132,40.76350532,-73.97109243,1457
553,E 6 St & Avenue B,317,40.72453734,-73.98185424,2812
554,E 6 St & Avenue D,411,40.72228087,-73.97668709,2141
555,E 60 St & York Ave,2022,40.759107,-73.959223,821
556,E 63 St & 3 Ave,3898,40.763954,-73.9646,1205
557,E 65 St & 2 Ave,3376,40.76471851944339,-73.96222069859505,1526
558,E 66 St & Madison Ave,3355,40.76800889305947,-73.96845281124115,784
559,E 67 St & Park Ave,3231,40.76780080148132,-73.96592080593109,638
560,E 68 St & 3 Ave,3131,40.76712840349542,-73.96224617958069,1077
561,E 68 St & Madison Ave,3359,40.7691572,-73.96703464,532
562,E 7 St & Avenue A,432,40.72621788,-73.98379855,3069
563,E 72 St & Park Ave,3139,40.77118287540658,-73.96409422159195,1233
564,E 72 St & York Ave,3156,40.76663814,-73.95348296,3517
565,E 74 St & 1 Ave,3372,40.7689738,-73.95482273,2386
566,E 75 St & 3 Ave,3135,40.77112927,-73.95772297,1311
567,E 76 St & Park Ave,3378,40.773763,-73.96222088,1611
568,E 77 St & 3 Ave,3154,40.77314236,-73.95856158,1692
569,E 78 St & 2 Ave,3370,40.7727966,-73.95577801,1053
570,E 81 St & 2 Ave,3671,40.77477944895728,-73.95427465438843,1657
571,E 81 St & 3 Ave,3146,40.77573034,-73.9567526,1405
572,E 81 St & Park Ave,3144,40.77677702,-73.9590097,772
573,E 81 St & York Ave,3151,40.7728384,-73.94989233,1632
574,E 82 St & East End Ave,3369,40.7724607,-73.9468208,1145
575,E 84 St & 1 Ave,3148,40.77565541,-73.95068615,2204
576,E 84 St & Park Ave,3145,40.77862688,-73.95772073,1166
577,E 85 St & 3 Ave,3147,40.77801203,-73.95407149,2999
578,E 85 St & York Ave,3150,40.77536905,-73.94803392,1213
579,E 88 St & 1 Ave,3288,40.778301,-73.9488134,2160
580,E 88 St & Park Ave,3284,40.781410700190015,-73.95595908164978,1118
581,E 89 St & 3 Ave,3286,40.7806284,-73.9521667,1839
582,E 89 St & York Ave,3290,40.7779453,-73.946041,1648
583,E 9 St & Avenue C,394,40.72521311,-73.97768752,1714
584,E 91 St & 2 Ave,3305,40.78112229934166,-73.94965589046478,1918
585,E 91 St & Park Ave,3294,40.7835016,-73.955327,1301
586,E 93 St & 2 Ave,3296,40.782454175279874,-73.9489196240902,1023
587,E 95 St & 3 Ave,3325,40.7849032,-73.950503,842
588,E 97 St & 3 Ave,3309,40.7859201,-73.94860294,377
589,E 97 St & Madison Ave,3336,40.787801,-73.953559,1541
590,E 98 St & Park Ave,3299,40.78813,-73.95206,783
591,East End Ave & E 86 St,3157,40.77518615,-73.94446054,846
592,Eastern Pkwy & Franklin Ave,3584,40.6707767,-73.9576801,737
593,Eastern Pkwy & Washington Ave,3583,40.6716493,-73.9631145,569
594,Edgecombe Ave & W 141 St,4004,40.820681,-73.945144,552
595,Edgecombe Ave & W 145 St,3959,40.823498,-73.94386,472
596,Edgecombe Ave & W 150 St,4025,40.826881,-73.941427,112
597,Edgecombe Ave & W 167 St,4074,40.838191,-73.936085,96
598,Eldert St & Bushwick Ave,3828,40.68652,-73.91321,64
599,Emerson Pl & Myrtle Ave,354,40.69363137,-73.96223558,891
600,Engert Ave & McGuinness Blvd,3857,40.72158,-73.94546,294
601,Evergreen Ave & Noll St,3821,40.70106,-73.93318,242
602,FDR Drive & E 35 St,501,40.744219,-73.97121214,2982
603,Faile St & Garrison Ave,4154,40.820578,-73.888271,12
604,Fairview Ave & Linden St,3902,40.70694,-73.90632,92
605,Flushing Ave & Vanderbilt Ave,3648,40.69795031569544,-73.97077560424805,1049
606,Flushing Ave & Woodward Ave,3887,40.71246,-73.91873,173
607,Forest Ave & Summerfield St,3876,40.69922,-73.89795,244
608,Forsyth St & Broome St,531,40.71893904,-73.99266288,2403
609,Forsyth St & Canal St,412,40.7158155,-73.99422366,2572
610,Fort Washington Ave & W 173 St,4061,40.84522,-73.940493,202
611,Fort Washington Ave & W 183 St,4068,40.852252,-73.937854,407
612,Franklin Ave & E 169 St,4212,40.83171,-73.90208,45
613,Franklin Ave & Myrtle Ave,372,40.694546087246025,-73.95801365375519,385
614,Franklin Ave & St Marks Ave,3569,40.6758324,-73.9561677,463
615,Franklin St & Dupont St,3117,40.73564,-73.95866,971
616,Franklin St & W Broadway,79,40.71911552,-74.00666661,1043
617,Frederick Douglass Blvd & Harlem River Dr,4028,40.830702,-73.936371,97
618,Frederick Douglass Blvd & W 112 St,3553,40.801694,-73.957145,1644
619,Frederick Douglass Blvd & W 115 St,3630,40.8038654,-73.9559308,1082
620,Frederick Douglass Blvd & W 117 St,3534,40.805159,-73.954692,1863
621,Frederick Douglass Blvd & W 129 St,3531,40.8125511,-73.9492286,332
622,Frederick Douglass Blvd & W 145 St,4220,40.823061,-73.941928,380
623,Freeman St & Reverend James A Polite Ave,4158,40.830529,-73.894717,47
624,Freeman St & Southern Blvd,4179,40.830051,-73.892103,84
625,Front St & Gold St,418,40.70224,-73.982578,734
626,Front St & Jay St,3804,40.702461,-73.986842,1170
627,Front St & Maiden Ln,351,40.70530954,-74.00612572,1019
628,Front St & Washington St,2000,40.70255088,-73.98940236,1792
629,Frost St & Debevoise Ave,3855,40.71882,-73.93948,211
630,Frost St & Meeker Ave,3727,40.71766197083994,-73.94880026578903,355
631,Fulton Ave & E 168 St,4152,40.830471,-73.904556,43
632,Fulton Ave & E 172 St,4183,40.839229,-73.899047,18
633,Fulton Ave & St. Paul's Pl,4156,40.83545,-73.90153,39
634,Fulton St & Adams St,3440,40.69241829257847,-73.98949474096298,1101
635,Fulton St & Broadway,319,40.711066,-74.009447,2034
636,Fulton St & Clermont Ave,397,40.68415748,-73.96922273,640
637,Fulton St & Irving Pl,3789,40.68186,-73.959432,588
638,Fulton St & Utica Ave,3042,40.6794268,-73.9298911,537
639,Fulton St & Waverly Ave,3637,40.68323865460341,-73.96599590778351,779
640,Fulton St & William St,316,40.70955958,-74.00653609,1345
641,Gansevoort St & Hudson St,3686,40.73944820130404,-74.00507032871246,1454
642,Garfield Pl & 8 Ave,3358,40.6711978,-73.97484126,621
643,Garrison Ave & Manida St,4146,40.818743,-73.890247,20
644,George St & Wilson Ave,3758,40.702997,-73.92997,240
645,Gerard Ave & E 146 St,3933,40.817755,-73.92965,55
646,Gerard Ave & E 164 St,4116,40.830262,-73.923391,37
647,Gerard Ave & E 165 St,4081,40.83173,-73.922394,43
648,Gerard Ave & McClellan St,4082,40.833909,-73.92112,54
649,Goble Pl & Macombs Rd,4131,40.844075,-73.917256,101
650,Graham Ave & Conselyea St,3086,40.715143,-73.944507,1041
651,Graham Ave & Grand St,3081,40.711863,-73.944024,856
652,Graham Ave & Herbert St,3095,40.71929301,-73.94500379,248
653,Graham Ave & Withers St,3094,40.7169811,-73.94485918,571
654,Grand Army Plaza & Central Park S,281,40.7643971,-73.97371465,2955
655,Grand Army Plaza & Plaza St West,3349,40.6729679,-73.97087984,1688
656,Grand Ave & Bergen St,3549,40.678045,-73.962408,601
657,Grand Concourse & E 144 St,3932,40.816576,-73.927987,132
658,Grand Concourse & E 156 St,4090,40.823429,-73.924689,31
659,Grand Concourse & E 161 St,4093,40.827115,-73.92272,163
660,Grand Concourse & E 164 St,4102,40.829608,-73.921461,101
661,Grand Concourse & E 166 St,4210,40.83196,-73.91956,67
662,Grand Concourse & E 167 St,4096,40.834263,-73.917641,96
663,Grand Concourse & E 171 St,4085,40.839549,-73.913004,86
664,Grand Concourse & East Mount Eden Ave,4167,40.84301,-73.91172,88
665,Grand St & Elizabeth St,3435,40.718822,-73.99596,4312
666,Grand St & Greene St,2010,40.72170005235607,-74.00238141417502,1521
667,Grand St & Havemeyer St,471,40.71286844,-73.95698119,1078
668,Grant Ave & E 169 St,4189,40.83579,-73.913741,22
669,Great Jones St,229,40.72743423,-73.99379025,2912
670,Green St & McGuinness Blvd,3819,40.73396,-73.95204,190
671,Greene Av & Myrtle Av,3781,40.698568,-73.918877,247
672,Greene Ave & Grandview Ave,3910,40.709697,-73.907856,110
673,Greene Ave & Nostrand Ave,3055,40.6883337,-73.950916,532
674,Greene Ave & Throop Ave,3054,40.6894932,-73.942061,515
675,Greenpoint Ave & Manhattan Ave,3113,40.73026,-73.95394,768
676,Greenwich Ave & 8 Ave,284,40.7390169121,-74.0026376103,3507
677,Greenwich Ave & Charles St,383,40.735238,-74.000271,1938
678,Greenwich St & Hubert St,3436,40.721319,-74.010065,598
679,Greenwich St & W Houston St,347,40.728846,-74.008591,1869
680,Grove St & Broadway,3890,40.69047,-73.923511,492
681,Halsey St & Broadway,3827,40.68565,-73.91564,271
682,Halsey St & Evergreen Ave,3830,40.68858,-73.91227,91
683,Halsey St & Tompkins Ave,3047,40.6823687,-73.944118,558
684,Hamilton Pl & W 138 St,4034,40.821728,-73.952761,172
685,Hamilton Pl & W 140 St,3960,40.822756,-73.951346,254
686,Hancock St & Bedford Ave,436,40.68216564,-73.95399026,570
687,Hancock St & Wyckoff Ave,3872,40.6972,-73.90674,90
688,Hanson Pl & Ashland Pl,3429,40.68506807308177,-73.97790759801863,1863
689,Harlem River Dr & W 155 St,3981,40.830476,-73.939929,138
690,Harman St & Seneca Ave,3883,40.70577,-73.91292,151
691,Harrison Pl & Porter Ave,3853,40.70686,-73.92851,224
692,Harrison St & Hudson St,249,40.71870987,-74.0090009,578
693,Hart St & Wyckoff Ave,3779,40.704876,-73.919911,131
694,Henry St & Atlantic Ave,157,40.69089272,-73.99612349,1069
695,Henry St & Bay St,3330,40.6725058,-74.00494695,220
696,Henry St & Degraw St,3315,40.6847514,-73.99917254,719
697,Henry St & Grand St,502,40.714211,-73.981095,2817
698,Henry St & Middagh St,3790,40.7003,-73.991581,428
699,Henry St & W 9 St,3395,40.6763744,-74.00324957,113
700,Hicks St & Montague St,406,40.69512845,-73.99595065,1113
701,Hoe Ave & Jennings St,4181,40.832171,-73.889686,34
702,Home St & Westchester Ave,4252,40.827629,-73.886659,31
703,Hope St & Union Ave,3082,40.71167351,-73.95141312,1121
704,Howard St & Centre St,268,40.71910537,-73.99973337,1769
705,Hoyt St & Warren St,3421,40.6843549,-73.98901629,227
706,Hudson St & Reade St,146,40.71625008,-74.0091059,1380
707,Hudson St & W 13 St,4215,40.74005708567285,-74.0052741765976,1065
708,Humboldt St & Varet St,3068,40.7031724,-73.940636,350
709,Hunts Point Ave & Bryant Ave,4143,40.813991,-73.8855,48
710,Huron St & Franklin St,3116,40.73266,-73.95826,887
711,Icahn Stadium,4113,40.79346,-73.92389,297
712,India St & Manhattan Ave,3115,40.73232194,-73.9550858,949
713,India St & West St,3469,40.73181401720966,-73.95995020866394,761
714,Intervale Ave & Kelly St,4191,40.827301,-73.896372,55
715,Intervale Ave & Westchester Ave,4148,40.821967,-73.896752,83
716,Inwood Ave & W 170 St,4086,40.840536,-73.919228,23
717,Irving Ave & DeKalb Ave,3778,40.7027,-73.92095,233
718,Irving Ave & Halsey St,3834,40.69467,-73.90663,173
719,Irving Ave & Harman St,3845,40.70108,-73.9179,271
720,Irving Ave & Jefferson St,3759,40.70538,-73.92535,308
721,Irving Ave & Palmetto St,3891,40.698,-73.9127,258
722,Jackson Ave & 46 Rd,3121,40.74524768,-73.94733276,321
723,Jackson St & Leonard St,3456,40.71638031973561,-73.94821286201477,306
724,Jay St & Tech Pl,392,40.695065,-73.987167,1095
725,Jay St & York St,3674,40.70140317257725,-73.98672670125961,1274
726,Jefferson Ave & Evergreen Ave,3903,40.68989,-73.91458,182
727,Jefferson St & Cypress Ave,3850,40.70907,-73.92157,226
728,Jerome Ave & Anderson Ave,4092,40.830179,-73.928747,32
729,Jerome Ave & E 164 St,4080,40.831444,-73.926226,34
730,Jerome Ave & Ogden Ave,4091,40.829797,-73.931015,15
731,John St & William St,376,40.70862144,-74.00722156,861
732,Johnson St & Gold St,261,40.69474881,-73.98362464,1015
733,Kane St & Clinton St,3308,40.6861758,-73.99645295,708
734,Kent Ave & N 7 St,3016,40.72036775298455,-73.96165072917938,2304
735,Kent Ave & S 11 St,282,40.707644944175705,-73.96841526031494,1085
736,Kent St & McGuinness Blvd,3858,40.73124,-73.95161,250
737,Kingsland Ave & Nassau Ave,3856,40.72577,-73.94173,775
738,Kingston Ave & Herkimer St,3041,40.67890679,-73.94142771,583
739,Knickerbocker Ave & Cooper St,3865,40.69081,-73.90448,113
740,Knickerbocker Ave & George St,3774,40.704425,-73.92836,259
741,Knickerbocker Ave & Halsey St,3868,40.693,-73.90824,162
742,Knickerbocker Ave & Hancock St,3835,40.69385,-73.90974,171
743,Knickerbocker Ave & Thames St,3773,40.70539,-73.92976,355
744,Kosciuszko St & Nostrand Ave,3056,40.69072549,-73.95133465,438
745,Kosciuszko St & Tompkins Ave,3057,40.69128258,-73.9452416,461
746,LaGuardia Pl & W 3 St,161,40.72917025,-73.99810231,1747
747,Lafayette Ave & Classon Ave,364,40.68900443,-73.96023854,657
748,Lafayette Ave & Fort Greene Pl,274,40.68691865,-73.976682,1255
749,Lafayette Ave & Hunts Point Ave,4144,40.816567,-73.888161,56
750,Lafayette Ave & St James Pl,399,40.68851534,-73.9647628,681
751,Lafayette St & E 8 St,293,40.73020660529954,-73.99102628231049,3010
752,Lafayette St & Jersey St,250,40.72456089,-73.99565293,2763
753,Laight St & Hudson St,248,40.72185379,-74.00771779,520
754,Lawrence St & Willoughby St,323,40.69236178,-73.98631746,1256
755,Lefferts Pl & Franklin Ave,396,40.680342423,-73.9557689392,559
756,Lenox Ave & W 111 St,3521,40.7987859,-73.9523,1378
757,Lenox Ave & W 115 St,3509,40.8011939,-73.9500739,684
758,Lenox Ave & W 117 St,3628,40.8025566,-73.9490782,1157
759,Lenox Ave & W 126 St,3518,40.808442,-73.9452087,1529
760,Lenox Ave & W 130 St,3529,40.8107922,-73.9430681,623
761,Lenox Ave & W 133 St,3927,40.81296,-73.941878,373
762,Lenox Ave & W 144 St,4000,40.819783,-73.936521,301
763,Lenox Ave & W 146 St,4001,40.821111,-73.935971,167
764,Leonard St & Boerum St,3072,40.70583339,-73.94644578,315
765,Leonard St & Church St,320,40.717571,-74.005549,1524
766,Leonard St & Maujer St,3454,40.7103685423523,-73.94705951213837,720
767,Leonard St & Nassau Ave,3668,40.7239567849954,-73.94984364509583,833
768,Lewis Ave & Decatur St,3043,40.6814598,-73.934903,347
769,Lewis Ave & Kosciuszko St,3058,40.69237074,-73.93705428,456
770,Lewis Ave & Madison St,3052,40.686312,-73.935775,675
771,Lexington Ave & Classon Ave,120,40.68676793,-73.95928168,610
772,Lexington Ave & E 111 St,3502,40.7954121,-73.9441232,764
773,Lexington Ave & E 120 St,3506,40.8013066,-73.9398167,442
774,Lexington Ave & E 127 St,3505,40.805726,-73.936322,199
775,Lexington Ave & E 128 St,3996,40.806414,-73.936085,186
776,Lexington Ave & E 24 St,537,40.74025878,-73.98409214,1414
777,Lexington Ave & E 26 St,3707,40.741459,-73.983293,2369
778,Lexington Ave & E 29 St,540,40.74311555376486,-73.98215353488922,2039
779,Lexington Ave & E 36 St,3749,40.7475739589548,-73.9788007736206,2023
780,Liberty St & Nassau St,4118,40.70858894240581,-74.00935482235809,823
781,Lincoln Ave & E 134 St,3923,40.808484,-73.928803,108
782,Lincoln Ave & E 138 St,3924,40.810893,-73.927311,209
783,Lincoln Pl & Classon Ave,3582,40.6721683,-73.9609,343
784,Linden St & Knickerbocker Ave,3862,40.69714,-73.91566,70
785,Lispenard St & Broadway,257,40.71939226,-74.00247214,1486
786,Little West St & 1 Pl,2008,40.70569254,-74.01677685,2347
787,Longfellow Ave & E 165 St,4173,40.825322,-73.887729,66
788,Longwood Ave & Southern Blvd,4134,40.816343,-73.896447,90
789,Lorimer St & Broadway,3069,40.70411791,-73.94818595,188
790,Lorimer St & Calyer St,3859,40.72795,-73.95414,606
791,Louis Nine Blvd & Intervale Ave,4182,40.831998,-73.892686,42
792,MacDougal St & Prince St,128,40.72710258,-74.00297088,2191
793,MacDougal St & Washington Sq,252,40.73226398,-73.99852205,1678
794,Macombs Pl & W 152 St,4024,40.826406,-73.937948,147
795,Macon St & Nostrand Ave,437,40.6809833854,-73.9500479759,776
796,Madison Av & E 51 St,4058,40.75863,-73.97513,1312
797,Madison Ave & E 120 St,3503,40.80295,-73.942954,462
798,Madison Ave & E 26 St,4040,40.742684734875695,-73.98671329021454,1389
799,Madison Ave & E 82 St,3362,40.7781314,-73.96069399,1377
800,Madison Ave & E 99 St,3345,40.78948541553215,-73.95242929458618,1378
801,Madison St & Clinton St,340,40.71269042,-73.98776323,1523
802,Madison St & Cypress Ave,3873,40.70068,-73.90742,118
803,Madison St & Evergreen Ave,3833,40.69122,-73.91693,139
804,Madison St & Forest Ave,3877,40.70555,-73.90245,217
805,Madison St & Montgomery St,291,40.713126,-73.984844,1109
806,Madison St & Seneca Ave,3896,40.70183,-73.90625,179
807,Madison St & Woodward Ave,3909,40.70408,-73.90408,138
808,Maiden Ln & Pearl St,264,40.70706456,-74.00731853,992
809,Manhattan Av & Leonard St,3899,40.72084,-73.94844,276
810,Marcus Garvey Blvd & Macon St,3046,40.682601,-73.938037,334
811,Marcy Ave & Lafayette Ave,3053,40.6900815,-73.947915,411
812,Market St & Cherry St,408,40.71076228,-73.99400398,1132
813,McGuinness Blvd & Eagle St,3118,40.73555,-73.95284,870
814,McKibbin St & Bogart St,3771,40.706237,-73.933871,315
815,McKibbin St & Manhattan Ave,3070,40.70510918,-73.94407279,404
816,Melrose Ave & E 150 St,3963,40.816827,-73.917338,263
817,Melrose Ave & E 154 St,3970,40.819609,-73.916071,74
818,Melrose St & Broadway,3870,40.697481,-73.935877,422
819,Menahan St & Central Ave,3841,40.69543,-73.9196,131
820,Menahan St & Onderdonk Ave,3886,40.70553,-73.9096,124
821,Menahan St & Seneca Ave,3874,40.70461,-73.91054,142
822,Menahan St & Wyckoff Ave,3861,40.70113,-73.91422,155
823,Mercer St & Bleecker St,3260,40.72706363348306,-73.99662137031554,2016
824,Mercer St & Spring St,303,40.72362738,-73.99949601,1755
825,Meserole Ave & Manhattan Ave,3110,40.72708584,-73.95299117,1125
826,Metropolitan Ave & Bedford Ave,539,40.71534825,-73.96024116,2368
827,Metropolitan Ave & Meeker Ave,3087,40.71413311,-73.95234386,810
828,Metropolitan Ave & Stewart Ave,3851,40.71401,-73.92793,59
829,Metropolitan Ave & Vandervoort Ave,3816,40.71429,-73.93323,70
830,Milton St & Franklin St,3112,40.72906,-73.95779,1258
831,Moffat St & Bushwick,3826,40.68458,-73.90925,80
832,Monroe St & Bedford Ave,344,40.6851443,-73.95380904,860
833,Monroe St & Classon Ave,289,40.6845683,-73.95881081,383
834,Monroe St & Tompkins Ave,3241,40.686203,-73.944694,814
835,Montague St & Clinton St,3246,40.694281141397326,-73.99230033159256,1079
836,Montgomery St & Franklin Ave,3661,40.666439306870814,-73.9605563879013,107
837,Montrose Ave & Bushwick Ave,3074,40.70767788,-73.94016171,575
838,Morgan Ave & Lombardy St,3900,40.72226,-73.93889,328
839,Morgan Ave & Maspeth Ave,3854,40.716657,-73.93637,169
840,Morningside Ave & W 123 St,3540,40.81,-73.9551508,634
841,Morningside Dr & Amsterdam Ave,3543,40.81028506306003,-73.95736455917358,205
842,Morris Ave & E 142 St,3931,40.814469,-73.924963,127
843,Morris Ave & E 153 St,3961,40.820036,-73.921411,68
844,Morris Ave & E 163 St,4332,40.827230499624726,-73.91765579597632,157
845,Morris Ave & E 171 St,4169,40.83899,-73.9109,21
846,Morris Ave & McClellan St,4130,40.831584,-73.9149,67
847,Motorgate,4036,40.7639089,-73.9477213,705
848,Mott St & Prince St,251,40.72317958,-73.99480012,2714
849,Mount Eden Pkwy & Eastburn Ave,4168,40.842675,-73.908544,60
850,Mt Morris Park W & W 120 St,3535,40.804038,-73.945925,755
851,Murray St & Greenwich St,3461,40.71485150526252,-74.01122331619263,2222
852,Murray St & West St,309,40.7149787,-74.013012,1349
853,Myrtle Ave & Grove St,3843,40.69905,-73.91516,109
854,Myrtle Ave & Lewis Ave,3064,40.69681963,-73.93756926,248
855,Myrtle Ave & Linden St,3844,40.69943,-73.91337,267
856,Myrtle Ave & Marcy Ave,3062,40.69539817,-73.94954908,355
857,Myrtle Ave & St Edwards St,245,40.69327018,-73.97703874,563
858,N 11 St & Kent Ave,3693,40.72248188638219,-73.95921930670738,402
859,N 12 St & Bedford Ave,3101,40.72079821,-73.95484712,833
860,N 15 St & Wythe Ave,3105,40.724055,-73.955736,292
861,N 6 St & Bedford Ave,3093,40.71745169,-73.95850939,1902
862,Nassau Ave & Newell St,3100,40.724812564400175,-73.94752621650696,770
863,Nassau Ave & Russell St,3108,40.72557,-73.94434,852
864,Nassau St & Navy St,144,40.69839895,-73.98068914,673
865,Nelson Ave & 167 St,4251,40.83670566862804,-73.92608866095543,11
866,Nelson Ave & W 172 St,4088,40.843965,-73.920999,78
867,Newton Rd & 44 St,3598,40.7595701,-73.9142678,367
868,Newtown Ave & 23 St,3619,40.7713615,-73.9246145,474
869,Norfolk St & Broome St,311,40.7172274,-73.98802084,2875
870,Norman St & Wyckoff Ave,3882,40.69517,-73.90311,231
871,North Moore St & Greenwich St,3664,40.72019521437465,-74.0103006362915,1327
872,Nostrand Ave & Myrtle Ave,3063,40.69527008,-73.95238108,424
873,Ogden Ave & Merriam Ave,4127,40.839142,-73.925961,18
874,Ogden Ave & W 164 St,4106,40.832812,-73.929372,76
875,Ogden Ave & W 165 St,4103,40.834457,-73.928381,77
876,Old Broadway & W 133 St,4104,40.818212,-73.955277,69
877,Old Fulton St,217,40.70277159,-73.99383605,1063
878,Old Slip & South St,4248,40.70336686695866,-74.007867872715,455
879,Onderdonk Ave & Dekalb Ave,3897,40.70863,-73.91497,93
880,Onderdonk Ave & Gates Ave,3885,40.70413,-73.90737,150
881,Pacific St & Classon Ave,3546,40.6791944,-73.9587903,149
882,Pacific St & Nevins St,3412,40.6853761,-73.98302136,635
883,Park Ave & E 124 St,3507,40.8045555,-73.9396861,1247
884,Park Ave & E 162 St,4094,40.825716,-73.915585,60
885,Park Ave & Marcus Garvey Blvd,3179,40.698617,-73.941342,417
886,Park Ave & St Edwards St,119,40.69608941,-73.97803415,353
887,Park Pl & Church St,3690,40.71334184275907,-74.00935515761375,823
888,Park Pl & Franklin Ave,3578,40.6741806,-73.9564947,462
889,Park Pl & Vanderbilt Ave,3576,40.6767,-73.969024,907
890,Pearl St & Hanover Square,415,40.7047177,-74.00926027,1330
891,Pearl St & Peck Slip,3916,40.708485,-74.002751,1114
892,Perry St & Bleecker St,247,40.73535398,-74.00483091,1944
893,Perry St & Greenwich Ave,3739,40.735918,-74.000939,1231
894,Pershing Square North,519,40.751873,-73.977706,4335
895,Pershing Square South,517,40.751581,-73.97791,1486
896,Pier 40 - Hudson River Park,3256,40.7277140777778,-74.01129573583603,2942
897,Pierrepont St & Monroe Pl,3728,40.69535693320225,-73.99344027042389,592
898,Pike St & E Broadway,295,40.71406667,-73.99293911,1859
899,Pike St & Monroe St,331,40.71173107,-73.99193043,1364
900,Pioneer St & Richards St,3342,40.6777748,-74.0094613,100
901,Pioneer St & Van Brunt St,3344,40.679043,-74.011169,287
902,Pitt St & Stanton St,400,40.71926081,-73.98178024,510
903,Plaza Dr & W 170 St,4194,40.840484,-73.917946,96
904,Plaza St West & Flatbush Ave,3418,40.6750207,-73.97111473,776
905,Pleasant Ave & E 116 St,3497,40.7949879,-73.9333349,1576
906,Pleasant Ave & E 120 St,3498,40.7974772,-73.9311847,406
907,Powers St & Olive St,3767,40.71323,-73.93894,239
908,President St & Henry St,3388,40.6828003,-73.99990419,517
909,Prospect Ave & E 151 St,3968,40.814232,-73.903927,118
910,Prospect Ave & E 167 St,4192,40.826303,-73.898751,65
911,Prospect Ave & Jennings St,4177,40.831762,-73.896853,21
912,Prospect Ave & Longwood Ave,3977,40.81899,-73.90202,81
913,Prospect Park West & 8 St,3300,40.66514681533792,-73.97637605667114,1003
914,Prospect Pl & 6 Ave,3415,40.6793307,-73.97519523,543
915,Prospect Pl & Underhill Ave,3574,40.6769694,-73.96579,451
916,Pulaski St & Marcus Garvey Blvd,3059,40.6933982,-73.939877,343
917,Putnam Ave & Knickerbocker Ave,3839,40.69545,-73.91164,151
918,Putnam Ave & Nostrand Ave,3048,40.68402,-73.94977,263
919,Putnam Ave & Throop Ave,3050,40.6851532,-73.94111,400
920,Putnam Ave & Wyckoff Ave,3840,40.69811,-73.90904,190
921,Queens Plaza North & Crescent St,3129,40.75110165,-73.94073717,1982
922,Railroad Ave & Kay Ave,2005,40.70531194,-73.97100056,67
923,Reade St & Broadway,330,40.71450451,-74.00562789,1072
924,Richards St & Delavan St,3393,40.6794327,-74.00785041,146
925,Richardson St & N Henry St,3430,40.71907891179564,-73.94223690032959,439
926,River Ave & E 151 St,4222,40.822217,-73.928939,329
927,River Ave & E 153 St,4166,40.82441,-73.92818,163
928,River Ave & McClellan St,4199,40.83406,-73.92243,68
929,Riverside Blvd & W 67 St,3173,40.777507027547976,-73.98888587951659,1843
930,Riverside Dr & W 104 St,3331,40.8013434,-73.9711457439,1188
931,Riverside Dr & W 138 St,4007,40.823168,-73.955857,338
932,Riverside Dr & W 145 St,4009,40.827305,-73.951989,275
933,Riverside Dr & W 148 St,4014,40.829114,-73.950426,232
934,Riverside Dr & W 153 St,4247,40.832164,-73.949702,247
935,Riverside Dr & W 72 St,3166,40.78057799010334,-73.98562431335449,2121
936,Riverside Dr & W 78 St,3178,40.78414472,-73.98362492,655
937,Riverside Dr & W 82 St,3169,40.78720869,-73.98128127,1372
938,Riverside Dr & W 91 St,3437,40.79313480986663,-73.97700369358063,886
939,Rivington St & Chrystie St,473,40.72110063,-73.9919254,1534
940,Rivington St & Ridge St,349,40.71850211,-73.98329859,1754
941,Rockaway Ave & Bainbridge St,3893,40.68319988172761,-73.91166642308235,288
942,Roebling St & N 4 St,3085,40.71469,-73.95739,913
943,Rogers Ave & Sterling St,3604,40.6630619,-73.9538746,522
944,Roosevelt Island Tramway,4037,40.757284,-73.9536,702
945,S 3 St & Bedford Ave,481,40.71260486,-73.96264403,1264
946,S 4 St & Rodney St,3080,40.70934,-73.95608,821
947,S 4 St & Wythe Ave,460,40.71285887,-73.96590294,2065
948,S 5 Pl & S 5 St,532,40.710451,-73.960876,2681
949,S Portland Ave & Hanson Pl,353,40.68539567,-73.97431458,666
950,Sands St Gate,3913,40.699569,-73.979827,878
951,Schermerhorn St & Bond St,3486,40.688417427540834,-73.98451656103134,1034
952,Schermerhorn St & Court St,3242,40.69102925677968,-73.99183362722397,899
953,Scholes St & Manhattan Ave,3076,40.70870368,-73.9448625,841
954,Seneca Ave & Irvine St,4250,40.81872569990116,-73.88862490653992,26
955,Shakespeare Ave & W 169 St,4098,40.839312,-73.922423,87
956,Sharon St & Olive St,3766,40.715353,-73.93856,469
957,Sheridan Ave & E 168 St,4084,40.835334,-73.9154,51
958,Sheridan Ave & E 172 St,4229,40.840494,-73.911479,13
959,Sherman Ave & E 166 St,4207,40.83130549267296,-73.91744792461395,49
960,Shore Blvd & Astoria Park,4312,40.77977,-73.923162,81
961,Sigourney St & Columbia St,3352,40.67267243410948,-74.0087952464819,207
962,Smith St & 3 St,3384,40.6787242,-73.99599099,473
963,Smith St & 9 St,3398,40.6746957,-73.99785768,427
964,Somers St & Broadway,3867,40.67945,-73.90474,42
965,South St & Gouverneur Ln,315,40.70355377,-74.00670227,1342
966,South St & Whitehall St,259,40.70122128,-74.01234218,924
967,Southern Blvd & Avenue St. John,4132,40.812769,-73.901583,47
968,Southern Blvd & E 142 St,4064,40.807347437082,-73.90809774398804,14
969,Southern Blvd & E 149 St,4206,40.811892,-73.904192,81
970,Southern Blvd & E 172 St,4162,40.834124,-73.88955,32
971,Southern Blvd & E 174 St,4184,40.836733,-73.887931,50
972,Southern Blvd & E 175 St,4185,40.839335,-73.886445,63
973,Southern Blvd & Tiffany St,4141,40.818185,-73.894143,65
974,Southpoint Park,4038,40.75370225419114,-73.95865201950072,183
975,Spring St & Hudson St,4214,40.72583996792375,-74.0076532959938,866
976,Spruce St & Nassau St,224,40.71146364,-74.00552427,1213
977,St Ann's Ave & Westchester Ave,3969,40.815887,-73.911918,66
978,St James Pl & Oliver St,308,40.71307916,-73.99851193,1377
979,St James Pl & Pearl St,82,40.71117416,-74.00016545,681
980,St Johns Pl & Washington Ave,3580,40.6737236,-73.9631611,961
981,St Marks Pl & 1 Ave,438,40.72779126,-73.98564945,2627
982,St Marks Pl & 2 Ave,236,40.7284186,-73.98713956,2279
983,St Mary's St & Jackson Ave,3955,40.808891,-73.91081,86
984,St Nicholas Ave & E 134 St,3934,40.816234,-73.948222,488
985,St Nicholas Ave & Manhattan Ave,3508,40.809725,-73.953149,1314
986,St Nicholas Ave & W 137 St,3946,40.818477,-73.947568,336
987,St Nicholas Ave & W 150 St,3973,40.827212,-73.942722,337
988,St. Ann's Av & Bruckner Blvd,4019,40.803399,-73.919763,60
989,St. Ann's Ave & E 144 St,3956,40.811112,-73.914932,59
990,St. Nicholas Ave & W 126 St,3533,40.8114323,-73.9518776,1343
991,St. Nicholas Ave & W 155 St,4027,40.830663,-73.941323,187
992,St. Nicholas Ave & W 157 St,4048,40.832314,-73.94102,210
993,St. Nicholas Terrace & Convent Ave,4005,40.821294,-73.947868,136
994,Stagg St & Morgan Ave,3757,40.710681,-73.93372,198
995,Stagg St & Union Ave,3077,40.70877084,-73.95095259,1032
996,Stanhope St & Fairview Ave,3901,40.70998,-73.91116,134
997,Stanton St & Chrystie St,265,40.72229346,-73.99147535,2257
998,Stanton St & Mangin St,341,40.71782143,-73.97628939,693
999,Stanton St & Norfolk St,3737,40.720747,-73.986274,1859
1000,State St & Smith St,310,40.68926942,-73.98912867,1006
1001,Steinway St & 21 Ave,4288,40.774798,-73.903787,11
1002,Steinway St & 23 Ave,3528,40.7713937,-73.9077436,323
1003,Steinway St & 28 Ave,3616,40.7656251,-73.9136695,681
1004,Steinway St & Broadway,4303,40.75905795418586,-73.91897544264793,355
1005,Steinway St & Ditmars Blvd,4287,40.772717,-73.906127,22
1006,Stephen St & Seneca Ave,3875,40.6988,-73.9007,36
1007,Sterling Pl & Bedford Ave,3579,40.672695,-73.954131,712
1008,Sterling St & Bedford Ave,3601,40.6627059,-73.9569115,469
1009,Stewart Ave & Johnson Ave,3852,40.70869,-73.92587,104
1010,Stockholm St & Wilson Ave,3777,40.699304,-73.923044,361
1011,Stuyvesant Walk & 1 Av Loop,3793,40.732339777151054,-73.97898383438587,218
1012,Suffolk St & Stanton St,410,40.72066442,-73.98517977,2482
1013,Sullivan Pl & Bedford Ave,3596,40.6642406,-73.9574686,156
1014,Sullivan Pl & Franklin Ave,4117,40.66407983678161,-73.96025128666679,852
1015,Sullivan St & Washington Sq,336,40.73047747,-73.99906065,1371
1016,Sunken Meadow Comfort Station,4114,40.79558,-73.91906,131
1017,Suydam St & Broadway,3848,40.69544,-73.93223,481
1018,Suydam St & Knickerbocker Ave,3775,40.702013,-73.923769,576
1019,Suydam St & St. Nicholas Ave,3849,40.70636,-73.91945,81
1020,Thompson St & Bleecker St,3705,40.72840059450829,-73.99968780577183,1075
1021,Throop Ave & Myrtle Ave,3061,40.69622937,-73.94371094,244
1022,Tinton Ave & E 165 St,4139,40.824796,-73.90242,75
1023,Tompkins Ave & Hopkins St,3066,40.69957608,-73.94708417,329
1024,Underhill Ave & Lincoln Pl,3581,40.6740123,-73.9671457,741
1025,Underhill Ave & Pacific St,3544,40.6804836,-73.9646795,633
1026,Union Ave & E 169 St,4211,40.82995,-73.898802,36
1027,Union Ave & Jackson St,3088,40.7160751,-73.952029,530
1028,Union Ave & N 12 St,3096,40.71924,-73.95242,1222
1029,Union Ave & Wallabout St,3065,40.70029511,-73.95032283,339
1030,Union St & 4 Ave,3335,40.6772744,-73.98282002,834
1031,Union St & Bedford Ave,3585,40.6691783,-73.9554162,332
1032,Union St & Nevins St,3407,40.67909799721684,-73.98765474557877,358
1033,University Ave & W 168 St,4209,40.838706,-73.927034,9
1034,University Pl & E 14 St,3812,40.734814,-73.992085,4103
1035,University Pl & E 8 St,3244,40.73143724085228,-73.99490341544151,2815
1036,Van Brunt St & Van Dyke St,3676,40.6758329439129,-74.01472628116608,445
1037,Van Brunt St & Wolcott St,3347,40.6773429,-74.01275056,406
1038,Van Buren St & Broadway,3869,40.692,-73.92617,183
1039,Van Sinderen Ave & Truxton St,3824,40.6786,-73.90369,166
1040,Vernon Blvd & 10 St,3588,40.7671863,-73.9373554,467
1041,Vernon Blvd & 30 Rd,3610,40.770845,-73.934171,456
1042,Vernon Blvd & 31 Ave,3609,40.7692475,-73.9354504,322
1043,Vernon Blvd & 41 Rd,3554,40.7552433,-73.9485678,268
1044,Vernon Blvd & 47 Rd,3611,40.7449067,-73.9534573,449
1045,Vernon Blvd & 50 Ave,3119,40.74232744,-73.95411749,824
1046,Verona Pl & Fulton St,3249,40.6803560840434,-73.9476791024208,366
1047,Vesey Pl & River Terrace,327,40.7153379,-74.01658354,1596
1048,W 10 St & Washington St,4280,40.73342399437081,-74.00851495563984,907
1049,W 100 St & Broadway,3350,40.7973721,-73.97041192,2552
1050,W 100 St & Manhattan Ave,3328,40.795,-73.9645,1814
1051,W 104 St & Amsterdam Ave,3689,40.79904139288298,-73.96649479866028,837
1052,W 106 St & Amsterdam Ave,3357,40.8008363,-73.9664492472,1134
1053,W 106 St & Central Park West,3323,40.7981856,-73.9605909006,1451
1054,W 107 St & Columbus Ave,3343,40.7997568,-73.9621128676,580
1055,W 11 St & 6 Ave,254,40.73532427,-73.99800419,1873
1056,W 110 St & Amsterdam Ave,3538,40.802692,-73.96295,1298
1057,W 113 St & Broadway,3552,40.805973,-73.964928,1131
1058,W 116 St & Amsterdam Ave,3539,40.8067581,-73.9607082,904
1059,W 116 St & Broadway,3536,40.8082,-73.9641,813
1060,W 120 St & Claremont Ave,3623,40.8109494,-73.9634,534
1061,W 129 St & Convent Ave,3649,40.814394437915816,-73.95324736833572,209
1062,W 13 St & 5 Ave,3708,40.735445,-73.99431,2172
1063,W 13 St & 7 Ave,223,40.73781509,-73.99994661,2177
1064,W 133 St & 12 Ave,3936,40.820003,-73.959089,127
1065,W 135 St & Lenox Terrace Pl,3998,40.813619,-73.939336,428
1066,W 140 St & Riverside Dr,3984,40.824013,-73.954743,202
1067,W 144 St & Adam Clayton Powell Blvd,4002,40.820877,-73.939249,292
1068,W 145 St & Amsterdam Ave,4010,40.825244,-73.947257,358
1069,W 146 St & Broadway,3967,40.826969,-73.949738,339
1070,W 147 St & Adam Clayton Powell Blvd,3953,40.82281,-73.937413,224
1071,W 148 St & Amsterdam Ave,4012,40.827075,-73.945909,259
1072,W 15 St & 10 Ave,3472,40.74275382865903,-74.00747358798981,1129
1073,W 15 St & 6 Ave,3709,40.738046142482766,-73.99642959237099,2737
1074,W 15 St & 7 Ave,482,40.73935542,-73.99931783,2793
1075,W 155 St & Frederick Douglass Blvd,4015,40.82923,-73.936996,130
1076,W 159 St & Edgecombe Ave,4050,40.833303,-73.939326,65
1077,W 16 St & The High Line,212,40.74334935,-74.00681753,1717
1078,W 160 St & St. Nicholas Ave,4051,40.834468,-73.939865,191
1079,W 163 St & Edgecombe Ave,4053,40.835798,-73.937496,63
1080,W 163 St & Riverside Dr,4054,40.839278,-73.945446,103
1081,W 165 St & Fort Washington Ave,4055,40.84004,-73.942939,258
1082,W 167 St & St. Nicholas Ave,4328,40.840124,-73.93949,148
1083,W 169 St & Fort Washington Ave,3992,40.8428422,-73.9421253,685
1084,W 17 St & 8 Ave,116,40.74177603,-74.00149746,1539
1085,W 170 St & University Ave,4087,40.84207,-73.926075,68
1086,W 171 St & St. Nicholas Ave,4059,40.842941,-73.938631,155
1087,W 18 St & 6 Ave,168,40.73971301,-73.99456405,2363
1088,W 18 St & 9 Ave,3658,40.7435337324616,-74.00367558002472,712
1089,W 180 St & Ft Washington Ave,4070,40.849972,-73.938423,353
1090,W 181 St & Riverside Dr,4193,40.85168,-73.94186,238
1091,W 20 St & 10 Ave,3813,40.745686,-74.005141,2523
1092,W 20 St & 7 Ave,334,40.74238787,-73.99726235,2765
1093,W 20 St & 8 Ave,470,40.74345335,-74.00004031,2289
1094,W 21 St & 6 Ave,435,40.74173969,-73.99415556,6204
1095,W 22 St & 10 Ave,462,40.74691959,-74.00451887,3414
1096,W 22 St & 8 Ave,453,40.74475148,-73.99915362,3178
1097,W 24 St & 7 Ave,446,40.74487634,-73.99529885,3731
1098,W 25 St & 6 Ave,466,40.74395411,-73.99144871,2275
1099,W 26 St & 10 Ave,388,40.749717753,-74.002950346,1762
1100,W 26 St & 8 Ave,494,40.74734825,-73.99723551,3219
1101,W 27 St & 7 Ave,442,40.746647,-73.993915,2889
1102,W 29 St & 9 Ave,512,40.7500727,-73.99839279,1173
1103,W 30 St & 10 Ave,3735,40.752694,-74.002353,2658
1104,W 31 St & 7 Ave,379,40.749156,-73.9916,3519
1105,W 33 St & 7 Ave,492,40.75019995,-73.99093085,3513
1106,W 34 St & 11 Ave,525,40.75594159,-74.0021163,1668
1107,W 35 St & 9 Ave,4219,40.75414519263519,-73.9960889518261,866
1108,W 35 St & Dyer Ave,3712,40.754691750226016,-73.99740189313889,902
1109,W 36 St & 7 Ave,4244,40.752149,-73.989539,567
1110,W 36 St & 9 Ave,3635,40.75462324029105,-73.99516761302948,1707
1111,W 37 St & 10 Ave,448,40.75660359,-73.9979009,2589
1112,W 37 St & 5 Ave,485,40.75038009,-73.98338988,1554
1113,W 4 St & 7 Ave S,380,40.73401143,-74.00293877,3057
1114,W 40 St & 5 Ave,3798,40.752269,-73.982079,1904
1115,W 41 St & 8 Ave,477,40.75640548,-73.9900262,3229
1116,W 42 St & 6 Ave,3785,40.75492,-73.98455,2224
1117,W 42 St & 8 Ave,529,40.7575699,-73.99098507,2300
1118,W 42 St & Dyer Ave,3236,40.75898481399634,-73.99379968643188,1881
1119,W 43 St & 10 Ave,515,40.76009437,-73.99461843,3375
1120,W 44 St & 11 Ave,4238,40.762009,-73.996975,1216
1121,W 44 St & 5 Ave,484,40.75500254,-73.98014437,1587
1122,W 45 St & 8 Ave,2021,40.75929124,-73.98859651,1830
1123,W 46 St & 11 Ave,508,40.76341379,-73.99667444,1237
1124,W 47 St & 10 Ave,495,40.76269882,-73.99301222,3018
1125,W 47 St & 6 Ave,3731,40.758397,-73.98255,602
1126,W 48 St & Rockefeller Plaza,4072,40.75793646243674,-73.97960275411606,1072
1127,W 49 St & 8 Ave,450,40.76227205,-73.98788205,3167
1128,W 50 St & 9 Ave,3699,40.76360467795863,-73.98917958140373,1966
1129,W 51 St & 6 Ave,510,40.7606597,-73.98042047,1290
1130,W 51 St & Rockefeller Plaza,4073,40.75969995906254,-73.97808194160461,1079
1131,W 52 St & 11 Ave,72,40.76727216,-73.99392888,1381
1132,W 52 St & 6 Ave,3443,40.76132983124814,-73.97982001304626,1435
1133,W 53 St & 10 Ave,480,40.76669671,-73.99061728,2566
1134,W 54 St & 11 Ave,4236,40.768333,-73.992573,1402
1135,W 54 St & 9 Ave,423,40.76584941,-73.98690506,2250
1136,W 55 St & 6 Ave,3809,40.763189,-73.978434,2345
1137,W 56 St & 10 Ave,513,40.768254,-73.988639,1574
1138,W 59 St & 10 Ave,422,40.770513,-73.988038,2574
1139,W 63 St & Broadway,3158,40.77163851,-73.98261428,2259
1140,W 64 St & Thelonious Monk Circle,3697,40.77515953434235,-73.98918695747852,2057
1141,W 67 St & Broadway,3159,40.77492513,-73.98266566,1839
1142,W 70 St & Amsterdam Ave,3175,40.77748046,-73.98288594,2763
1143,W 74 St & Columbus Ave,3172,40.7785669,-73.97754961,1342
1144,W 76 St & Columbus Ave,3161,40.7801839724239,-73.97728532552719,1832
1145,W 78 St & Amsterdam Ave,4043,40.782535857724106,-73.97908508777618,2178
1146,W 82 St & Central Park West,3226,40.78275,-73.97137,1354
1147,W 84 St & Broadway,3177,40.7867947,-73.977112,1385
1148,W 84 St & Columbus Ave,3170,40.78499979,-73.97283406,1973
1149,W 87 St & Amsterdam Ave,3285,40.78839,-73.9747,1381
1150,W 87 St & West End Ave,3287,40.789622,-73.97757,1549
1151,W 89 St & Columbus Ave,3283,40.7882213,-73.97041561,2004
1152,W 90 St & Amsterdam Ave,3289,40.79017948095081,-73.97288918495178,1078
1153,W 92 St & Broadway,3293,40.7921,-73.9739,1199
1154,W 95 St & Broadway,3314,40.7937704,-73.971888,878
1155,W Broadway & Spring St,3467,40.72494672359416,-74.00165855884552,1618
1156,W Broadway & W Houston St,3740,40.726378,-74.000472,1067
1157,Wadsworth Ave & W 175 St,4063,40.846052,-73.937648,146
1158,Wadsworth Ave & W 179 St,4065,40.848467,-73.936064,222
1159,Wales Ave & E 147 St,3966,40.811314,-73.907729,45
1160,Walnut Ave & E 136 St,3941,40.801657,-73.909513,39
1161,Walton Ave & E 153 St,4208,40.822351,-73.926907,45
1162,Walton Ave & E 168 St,4083,40.83649,-73.918316,67
1163,Walton Ave & E 171 St,4190,40.840683,-73.915073,57
1164,Wards Meadow Comfort Station,4112,40.78294,-73.93077,462
1165,Warren St & Court St,3298,40.686371,-73.99383324,638
1166,Warren St & W Broadway,152,40.71473993,-74.00910627,789
1167,Washington Ave & E 163 St,4136,40.824,-73.91089,121
1168,Washington Ave & E 167 St,4172,40.829896,-73.907618,83
1169,Washington Ave & E 174 St,4160,40.843079,-73.900216,81
1170,Washington Ave & Greene Ave,275,40.68650065,-73.96563307,607
1171,Washington Ave & Park Ave,313,40.69610226,-73.96751037,693
1172,Washington Park,262,40.6917823,-73.9737299,676
1173,Washington Pl & 6 Ave,369,40.73224119,-74.00026394,1619
1174,Washington Pl & Broadway,335,40.72903917,-73.99404649,1654
1175,Washington St & Barrow St,4282,40.73191132323174,-74.008769094944,833
1176,Washington St & Gansevoort St,405,40.739323,-74.008119,2223
1177,Water - Whitehall Plaza,534,40.70255065,-74.0127234,438
1178,Waterbury St & Stagg St,3768,40.71019,-73.93734,340
1179,Waterloo Pl & Crotona Park East,4228,40.839194,-73.888587,27
1180,Watts St & Greenwich St,328,40.72405549,-74.00965965,1158
1181,Webster Ave & E 166 St,4170,40.828975,-73.911259,42
1182,West Drive & Prospect Park West,3423,40.6610633719006,-73.97945255041122,2339
1183,West End Ave & W 107 St,3366,40.8021174,-73.9681805305,1114
1184,West End Ave & W 60 St,4045,40.77237,-73.99005,2551
1185,West End Ave & W 78 St,3914,40.783786,-73.981687,1041
1186,West End Ave & W 94 St,3307,40.7941654,-73.974124,1466
1187,West Farms Rd & Boone Ave,4180,40.830025,-73.886312,16
1188,West St & Chambers St,426,40.71754834,-74.01322069,3673
1189,West St & Liberty St,3906,40.711444,-74.014847,3386
1190,West Thames St,363,40.70834698,-74.01713445,1622
1191,Westchester Ave & E 156 St,3983,40.817802,-73.905203,54
1192,Westchester Ave & Jackson Ave,4011,40.816124,-73.908116,124
1193,Westchester Ave & Longwood Ave,4135,40.819701,-73.901311,123
1194,Westchester Ave & Southern Blvd,4203,40.824956,-73.891677,127
1195,White St & Johnson Ave,3769,40.707174,-73.93581,87
1196,White St & Moore St,3756,40.704508,-73.9351,335
1197,Wilkins Ave & Crotona Park E,4213,40.835302,-73.895133,35
1198,William St & Pine St,360,40.70717936,-74.00887308,1306
1199,Willis Ave & Bruckner Blvd,3921,40.805701,-73.925177,121
1200,Willis Ave & E 137 St,3989,40.808384,-73.923604,218
1201,Willis Ave & E 141 St,3929,40.81093,-73.921606,127
1202,Willis Ave & E 143 St,3958,40.812299,-73.92037,46
1203,Willoughby Ave & Hall St,244,40.69196035,-73.96536851,826
1204,Willoughby Ave & Myrtle Ave,3820,40.69757,-73.93098,379
1205,Willoughby Ave & Onderdonk Ave,3880,40.7098,-73.91727,76
1206,Willoughby Ave & Tompkins Ave,3060,40.69425403,-73.94626915,485
1207,Willoughby Ave & Walworth St,373,40.69331716,-73.95381995,614
1208,Willoughby Ave & Wyckoff Ave,3760,40.705614,-73.92153,206
1209,Willoughby St & Ashland Pl,3917,40.69178,-73.97877,300
1210,Willoughby St & Fleet St,239,40.69196566,-73.9813018,1086
1211,Willow Ave & E 133 St,3939,40.800933,-73.913863,84
1212,Wilson Ave & Moffat St,3866,40.68906,-73.90506,134
1213,Wilson Ave & Troutman St,3860,40.70166,-73.92754,277
1214,Withers St & Kingsland Ave,3817,40.71773,-73.94051,307
1215,Wolcott St & Dwight St,3340,40.6753274,-74.0100698,77
1216,Woodward Ave & Harman St,3888,40.70793,-73.91092,128
1217,Wyckoff Av & Jefferson St,3763,40.707165,-73.923711,279
1218,Wyckoff Av & Stanhope St,3780,40.703545,-73.917775,424
1219,Wyckoff St & Nevins St,3911,40.683426,-73.984275,457
1220,Wythe Ave & Metropolitan Ave,2002,40.716887,-73.963198,1686
