,startdate,starthour,demand,startdate,starthour,Customer,Subscriber,td_mean,td_median,gcd_mean,gcd_median
0,2021-01-01,0,524,2021-01-01,0,136.0,388.0,1049.0058139534883,730.0,1.1712836671720208,0.9029500621270711
1,2021-01-01,1,564,2021-01-01,1,174.0,390.0,1032.7388193202146,804.0,1.45192903014045,1.153364154073084
2,2021-01-01,2,401,2021-01-01,2,142.0,259.0,1116.7575757575758,795.0,1.466869826372689,1.1825470129878153
3,2021-01-01,3,275,2021-01-01,3,103.0,172.0,1014.1459854014598,741.5,1.4108285673869994,1.0635319253637543
4,2021-01-01,4,142,2021-01-01,4,41.0,101.0,1129.9788732394366,759.0,1.295054691539796,0.8605265822746724
5,2021-01-01,5,101,2021-01-01,5,15.0,86.0,698.7425742574258,363.0,0.9565862191306082,0.6398364978079348
6,2021-01-01,6,223,2021-01-01,6,29.0,194.0,794.7309417040359,506.0,1.231663612943946,0.9176961553000323
7,2021-01-01,7,350,2021-01-01,7,45.0,305.0,641.2457142857143,409.5,1.0215690175892091,0.710031143967494
8,2021-01-01,8,421,2021-01-01,8,42.0,379.0,661.4190476190477,414.5,1.0197267187865418,0.6856358252327296
9,2021-01-01,9,698,2021-01-01,9,87.0,611.0,814.5423242467718,528.0,1.0814038395375931,0.8019362717714456
10,2021-01-01,10,1124,2021-01-01,10,170.0,954.0,878.4190391459075,573.5,1.1603063541853882,0.8517995695190038
11,2021-01-01,11,1491,2021-01-01,11,233.0,1258.0,954.8333333333334,647.0,1.168757915852283,0.855346830096986
12,2021-01-01,12,1895,2021-01-01,12,391.0,1504.0,1017.3592592592593,692.0,1.208273898701303,0.9080672494918508
13,2021-01-01,13,2250,2021-01-01,13,499.0,1751.0,1065.479250334672,751.0,1.2543451915213848,0.9328316869422996
14,2021-01-01,14,2515,2021-01-01,14,579.0,1936.0,1068.2941410920685,747.0,1.193662882537435,0.8937078594786679
15,2021-01-01,15,2286,2021-01-01,15,480.0,1806.0,1017.3102541630149,751.0,1.1596466381813935,0.8924544168390202
16,2021-01-01,16,1399,2021-01-01,16,282.0,1117.0,913.6640344580043,638.0,1.07086787197941,0.7615307412709033
17,2021-01-01,17,696,2021-01-01,17,122.0,574.0,840.5525179856115,609.0,1.0579829674067853,0.8180990973389528
18,2021-01-01,18,549,2021-01-01,18,84.0,465.0,865.4515539305302,570.0,1.0292217533043428,0.7217604306083159
19,2021-01-01,19,287,2021-01-01,19,55.0,232.0,872.548951048951,498.5,0.8156854283503482,0.6521350382018453
20,2021-01-01,20,196,2021-01-01,20,33.0,163.0,875.265306122449,545.5,0.932293980707867,0.7110556786869884
21,2021-01-01,21,130,2021-01-01,21,32.0,98.0,799.7519379844962,528.0,0.7818812481227,0.5641908480498241
22,2021-01-01,22,124,2021-01-01,22,20.0,104.0,721.9186991869918,508.0,0.9693015088160409,0.7552468381619971
23,2021-01-01,23,149,2021-01-01,23,39.0,110.0,701.9261744966443,478.0,0.962955007909947,0.8136746129278835
24,2021-01-02,0,128,2021-01-02,0,29.0,99.0,726.4453125,543.5,0.9284262842821392,0.6941722548099897
25,2021-01-02,1,75,2021-01-02,1,15.0,60.0,640.0533333333333,394.0,0.9267298030358426,0.6128704853222406
26,2021-01-02,2,57,2021-01-02,2,12.0,45.0,811.859649122807,597.0,1.0752254634202045,0.8157591195914424
27,2021-01-02,3,47,2021-01-02,3,18.0,29.0,949.3191489361702,737.0,1.1031315893040354,0.8693503421365689
28,2021-01-02,4,31,2021-01-02,4,8.0,23.0,1022.7741935483871,887.0,1.6860087751970303,1.1755466721729042
29,2021-01-02,5,66,2021-01-02,5,10.0,56.0,679.0909090909091,428.0,1.0909826566035166,0.8218023519025113
30,2021-01-02,6,231,2021-01-02,6,23.0,208.0,679.2943722943722,519.0,1.2794018849677948,1.0150285671224115
31,2021-01-02,7,435,2021-01-02,7,45.0,390.0,749.3379310344827,550.0,1.2534960850617098,0.9106853280259821
32,2021-01-02,8,752,2021-01-02,8,86.0,666.0,723.0426666666667,510.0,1.1419613739381211,0.8740128806423293
33,2021-01-02,9,1356,2021-01-02,9,185.0,1171.0,874.3097345132743,584.5,1.2129514079398462,0.8979408408095464
34,2021-01-02,10,2141,2021-01-02,10,346.0,1795.0,966.6200934579439,685.0,1.2608695320743113,0.9348995845720177
35,2021-01-02,11,3251,2021-01-02,11,724.0,2527.0,1071.0499845726627,787.0,1.373510000131967,1.051912833442455
36,2021-01-02,12,4091,2021-01-02,12,963.0,3128.0,1152.987012987013,865.0,1.4196206538569334,1.086521210029414
37,2021-01-02,13,4978,2021-01-02,13,1335.0,3643.0,1219.8097060008056,922.5,1.38004446180051,1.1076772579607848
38,2021-01-02,14,5152,2021-01-02,14,1363.0,3789.0,1215.913746105919,946.0,1.3681021055771678,1.090639529941229
39,2021-01-02,15,5087,2021-01-02,15,1272.0,3815.0,1195.8951819075712,928.0,1.3413029489820378,1.0458615809950451
40,2021-01-02,16,4032,2021-01-02,16,958.0,3074.0,1090.0072085508327,854.0,1.2657215784809848,0.9797554073401525
41,2021-01-02,17,2658,2021-01-02,17,551.0,2107.0,924.2572504708098,707.0,1.194906208686165,0.9221191602461428
42,2021-01-02,18,2048,2021-01-02,18,406.0,1642.0,912.0734933855953,661.0,1.1603832862947083,0.8766253674760525
43,2021-01-02,19,1497,2021-01-02,19,278.0,1219.0,841.623828647925,619.0,1.1375216433964348,0.8329623677902114
44,2021-01-02,20,1100,2021-01-02,20,226.0,874.0,860.589626933576,564.0,1.076940188889231,0.7944456212922691
45,2021-01-02,21,770,2021-01-02,21,181.0,589.0,888.8852672750978,623.0,1.0823806669030982,0.8439325794681679
46,2021-01-02,22,722,2021-01-02,22,184.0,538.0,917.9597780859917,612.0,1.1253457903478883,0.8572595052035772
47,2021-01-02,23,490,2021-01-02,23,113.0,377.0,821.9325153374233,572.0,1.0845476393386233,0.8029595763274626
48,2021-01-03,0,317,2021-01-03,0,92.0,225.0,888.5268138801262,567.0,1.0809568729036623,0.7732601614929862
49,2021-01-03,1,197,2021-01-03,1,66.0,131.0,974.4974619289341,664.0,1.385464791050556,1.0700281515119425
50,2021-01-03,2,125,2021-01-03,2,41.0,84.0,862.36,573.0,1.1458436895091129,0.8682376883728822
51,2021-01-03,3,94,2021-01-03,3,27.0,67.0,806.3936170212766,667.0,1.3436892057316443,1.1627220975127817
52,2021-01-03,4,72,2021-01-03,4,24.0,48.0,891.0277777777778,539.0,1.1848395027136278,0.7622294018382881
53,2021-01-03,5,80,2021-01-03,5,8.0,72.0,555.4875,373.0,1.259756761573749,0.8491477001471563
54,2021-01-03,6,246,2021-01-03,6,21.0,225.0,609.9065040650406,437.5,1.1787133490197286,0.8233328093302262
55,2021-01-03,7,431,2021-01-03,7,38.0,393.0,637.4199535962877,413.0,1.1189980367917862,0.7430603645236251
56,2021-01-03,8,727,2021-01-03,8,79.0,648.0,738.8774104683196,500.5,1.132564429345675,0.8240537723673711
57,2021-01-03,9,809,2021-01-03,9,79.0,730.0,671.905824039653,485.0,1.0172412805645237,0.7795646711793696
58,2021-01-03,10,613,2021-01-03,10,64.0,549.0,564.2936378466558,380.0,0.8670750683762236,0.6208370988392908
59,2021-01-03,11,971,2021-01-03,11,128.0,843.0,626.0545829042225,473.0,0.937837700691456,0.7251926325206426
60,2021-01-03,12,1506,2021-01-03,12,240.0,1266.0,734.2247340425532,511.5,0.9917270097874663,0.7585314976864306
61,2021-01-03,13,1639,2021-01-03,13,261.0,1378.0,799.1411980440098,566.5,1.0903388880958949,0.8127204933529851
62,2021-01-03,14,1705,2021-01-03,14,259.0,1446.0,745.6543209876543,529.0,1.0340408420058742,0.7695621055948473
63,2021-01-03,15,1220,2021-01-03,15,201.0,1019.0,745.1282894736842,536.5,1.0389567226438676,0.7903161172005995
64,2021-01-03,16,810,2021-01-03,16,118.0,692.0,702.7648514851485,502.5,0.9391564349354501,0.7508411571455751
65,2021-01-03,17,718,2021-01-03,17,80.0,638.0,758.7880055788006,492.0,0.985050858941333,0.6902139499279786
66,2021-01-03,18,523,2021-01-03,18,49.0,474.0,716.4321223709369,445.0,0.7764887662926466,0.5971266730962643
67,2021-01-03,19,485,2021-01-03,19,49.0,436.0,731.146694214876,491.5,0.8778177753651311,0.6878369305851539
68,2021-01-03,20,466,2021-01-03,20,73.0,393.0,817.5840517241379,522.5,0.9847939173453646,0.6695303227717211
69,2021-01-03,21,350,2021-01-03,21,58.0,292.0,762.5616045845272,501.0,0.9008069191404677,0.7163544037820679
70,2021-01-03,22,281,2021-01-03,22,41.0,240.0,773.5907473309609,513.0,1.0479151156581017,0.7794978520159509
71,2021-01-03,23,193,2021-01-03,23,41.0,152.0,663.6217616580311,466.0,1.0078054066476816,0.7543982513311944
72,2021-01-04,0,96,2021-01-04,0,22.0,74.0,618.2736842105263,413.0,1.005910750040233,0.7935384680276587
73,2021-01-04,1,64,2021-01-04,1,21.0,43.0,1010.703125,670.0,1.2710337194807806,0.8400028013021551
74,2021-01-04,2,52,2021-01-04,2,14.0,38.0,871.0,815.0,1.3537100300474756,0.9718138982838351
75,2021-01-04,3,42,2021-01-04,3,21.0,21.0,826.6904761904761,518.5,1.2173390258742047,0.6790866180314188
76,2021-01-04,4,64,2021-01-04,4,13.0,51.0,817.375,515.5,1.4085801030555123,1.0257855681214574
77,2021-01-04,5,277,2021-01-04,5,20.0,257.0,637.2418772563177,493.0,1.2774582253769264,0.9414475836857246
78,2021-01-04,6,935,2021-01-04,6,59.0,876.0,646.271948608137,484.0,1.210877183324542,0.9480741644221441
79,2021-01-04,7,1660,2021-01-04,7,105.0,1555.0,715.6630500301386,531.0,1.273526676409326,0.971741952039108
80,2021-01-04,8,2478,2021-01-04,8,175.0,2303.0,736.3399273314493,580.0,1.3164181566896562,1.0160679482139932
81,2021-01-04,9,2022,2021-01-04,9,181.0,1841.0,711.7835562159485,543.0,1.178750453315087,0.904953375799039
82,2021-01-04,10,1655,2021-01-04,10,180.0,1475.0,796.121523579202,608.0,1.2193536352685166,0.9137476195796169
83,2021-01-04,11,2059,2021-01-04,11,268.0,1791.0,808.7034516285853,565.0,1.1037093591893903,0.8171433137308244
84,2021-01-04,12,2291,2021-01-04,12,307.0,1984.0,788.4669584245077,555.0,1.0695145165205555,0.77590047539031
85,2021-01-04,13,2631,2021-01-04,13,351.0,2280.0,815.755133079848,581.0,1.0828370219176995,0.8179769093993597
86,2021-01-04,14,2726,2021-01-04,14,384.0,2342.0,822.2481644640235,599.5,1.1261032714997359,0.8330946814895437
87,2021-01-04,15,2870,2021-01-04,15,411.0,2459.0,826.2404047452897,578.5,1.126036304633237,0.8317008088398361
88,2021-01-04,16,3188,2021-01-04,16,423.0,2765.0,852.4781789638932,630.0,1.1940502596821447,0.8750091029927289
89,2021-01-04,17,3419,2021-01-04,17,373.0,3046.0,774.5023419203748,579.0,1.171452591767614,0.8918940710034335
90,2021-01-04,18,2953,2021-01-04,18,324.0,2629.0,769.3553971486762,565.5,1.1656559532246769,0.8775409637139666
91,2021-01-04,19,2134,2021-01-04,19,300.0,1834.0,743.2943661971831,558.0,1.144313038185532,0.8691565085729378
92,2021-01-04,20,1338,2021-01-04,20,213.0,1125.0,736.3298429319372,516.0,1.031866374789512,0.7613164950214307
93,2021-01-04,21,790,2021-01-04,21,141.0,649.0,809.032911392405,534.5,1.0247065907125035,0.7962134301520309
94,2021-01-04,22,589,2021-01-04,22,94.0,495.0,773.911714770798,529.0,1.1047121696497089,0.8242825635784703
95,2021-01-04,23,412,2021-01-04,23,97.0,315.0,784.3578431372549,532.0,1.087092001208264,0.8371306696343085
96,2021-01-05,0,201,2021-01-05,0,51.0,150.0,709.2587064676617,483.0,0.9961332692951798,0.8001839813289034
97,2021-01-05,1,106,2021-01-05,1,36.0,70.0,1030.2924528301887,674.0,1.1735244351880862,0.7655332392480098
98,2021-01-05,2,67,2021-01-05,2,31.0,36.0,767.8507462686567,580.0,1.2227160298685258,0.9219107924483027
99,2021-01-05,3,68,2021-01-05,3,13.0,55.0,917.7313432835821,607.0,1.4015017463048984,0.7439015804999057
100,2021-01-05,4,88,2021-01-05,4,22.0,66.0,911.4772727272727,637.0,1.7184109325887575,1.2083807379414537
101,2021-01-05,5,339,2021-01-05,5,17.0,322.0,623.1799410029498,472.0,1.2249167274899602,0.9056397469387257
102,2021-01-05,6,1041,2021-01-05,6,71.0,970.0,627.554274735831,472.0,1.227103040675308,0.9407420455736772
103,2021-01-05,7,1948,2021-01-05,7,129.0,1819.0,719.7081192189106,547.0,1.3208595043154556,0.9927153464570364
104,2021-01-05,8,2772,2021-01-05,8,193.0,2579.0,730.1979768786127,570.0,1.30825936753547,1.0126146599703327
105,2021-01-05,9,2250,2021-01-05,9,217.0,2033.0,719.9026233881725,566.0,1.2073722766319006,0.9220733399625666
106,2021-01-05,10,1808,2021-01-05,10,204.0,1604.0,773.4670724958495,583.0,1.2140858243894004,0.9093818130411732
107,2021-01-05,11,1974,2021-01-05,11,216.0,1758.0,761.2844827586207,560.0,1.1142359882389201,0.8429455820906349
108,2021-01-05,12,2340,2021-01-05,12,266.0,2074.0,769.2235998289867,549.0,1.0497593351274055,0.7933917854492489
109,2021-01-05,13,2451,2021-01-05,13,298.0,2153.0,771.075541037158,553.0,1.0763587987184235,0.7939748157855169
110,2021-01-05,14,2583,2021-01-05,14,389.0,2194.0,833.1921735761333,607.0,1.1671297167459296,0.8890934214563326
111,2021-01-05,15,2800,2021-01-05,15,367.0,2433.0,811.7152554483744,592.0,1.151907458697173,0.87032457626118
112,2021-01-05,16,3227,2021-01-05,16,397.0,2830.0,815.829760795278,604.0,1.170080826191913,0.9061628028315254
113,2021-01-05,17,3714,2021-01-05,17,376.0,3338.0,799.0490301724138,605.5,1.2176708818203092,0.909850921498754
114,2021-01-05,18,3286,2021-01-05,18,371.0,2915.0,756.5254650808173,580.0,1.1899417044643086,0.9020063985352831
115,2021-01-05,19,2280,2021-01-05,19,284.0,1996.0,757.9200351493848,560.0,1.1226525057706556,0.8471311023621735
116,2021-01-05,20,1351,2021-01-05,20,175.0,1176.0,715.3618127786033,566.0,1.0789570238430324,0.8442748455731509
117,2021-01-05,21,850,2021-01-05,21,139.0,711.0,790.4617196702002,533.0,1.094319989550009,0.8284698184796084
118,2021-01-05,22,596,2021-01-05,22,97.0,499.0,713.3333333333334,493.0,1.0834993104920594,0.79346100364176
119,2021-01-05,23,385,2021-01-05,23,83.0,302.0,743.7974025974027,500.0,1.0933516571974577,0.8440496394244684
120,2021-01-06,0,236,2021-01-06,0,44.0,192.0,686.8940677966102,474.5,1.0508182908351151,0.7700213111857761
121,2021-01-06,1,114,2021-01-06,1,29.0,85.0,684.6666666666666,472.0,1.1457695282090754,0.8308586800598585
122,2021-01-06,2,78,2021-01-06,2,28.0,50.0,885.2987012987013,596.0,1.270841712988517,0.7421443846419764
123,2021-01-06,3,76,2021-01-06,3,14.0,62.0,680.1184210526316,522.5,1.2857748906491218,0.9142865040536015
124,2021-01-06,4,95,2021-01-06,4,16.0,79.0,684.8,526.0,1.2668627876936982,0.9449218996980386
125,2021-01-06,5,321,2021-01-06,5,18.0,303.0,660.15,450.5,1.233337074698237,0.9056397469387257
126,2021-01-06,6,1087,2021-01-06,6,83.0,1004.0,582.707182320442,470.5,1.1691384528261353,0.9135477161101009
127,2021-01-06,7,1962,2021-01-06,7,155.0,1807.0,728.9082568807339,554.5,1.339252818671109,1.0397370653910372
128,2021-01-06,8,2805,2021-01-06,8,186.0,2619.0,735.1344987513379,581.0,1.2692623144691195,1.0003027775932918
129,2021-01-06,9,2273,2021-01-06,9,191.0,2082.0,709.1858212241303,561.0,1.2064656771503761,0.9328316869424202
130,2021-01-06,10,1893,2021-01-06,10,192.0,1701.0,776.8202959830867,563.0,1.1571650173523857,0.8989104916790474
131,2021-01-06,11,2086,2021-01-06,11,283.0,1803.0,781.0632790028764,574.5,1.1350232141453842,0.8467137308700596
132,2021-01-06,12,2422,2021-01-06,12,261.0,2161.0,779.271186440678,569.0,1.0859071847010577,0.7994706573442485
133,2021-01-06,13,2598,2021-01-06,13,341.0,2257.0,839.931765612953,609.0,1.1448263816670652,0.8390052142660887
134,2021-01-06,14,2757,2021-01-06,14,373.0,2384.0,850.6993464052288,607.0,1.1678577462979602,0.8693097610880671
135,2021-01-06,15,2818,2021-01-06,15,385.0,2433.0,843.2379261363636,592.0,1.124235751475018,0.8601393584235723
136,2021-01-06,16,3047,2021-01-06,16,358.0,2689.0,818.827744904668,604.0,1.159191367171569,0.8748148914448962
137,2021-01-06,17,3307,2021-01-06,17,330.0,2977.0,765.3960036330609,586.0,1.1804322846563908,0.8955939098647122
138,2021-01-06,18,2907,2021-01-06,18,337.0,2570.0,751.3487250172295,567.0,1.174799122297827,0.894031451055968
139,2021-01-06,19,2068,2021-01-06,19,220.0,1848.0,730.0227713178294,520.5,1.1315829180725718,0.8504515478125791
140,2021-01-06,20,1279,2021-01-06,20,151.0,1128.0,701.7805642633228,490.5,1.0674420126927588,0.809392068526686
141,2021-01-06,21,762,2021-01-06,21,112.0,650.0,768.6504599211564,533.0,1.135839027057042,0.8182076320948704
142,2021-01-06,22,590,2021-01-06,22,94.0,496.0,735.4440677966102,541.5,1.1904702346355327,0.8904007350772742
143,2021-01-06,23,348,2021-01-06,23,64.0,284.0,676.0488505747127,502.5,1.0851627599738638,0.8267943468064096
144,2021-01-07,0,222,2021-01-07,0,51.0,171.0,789.2477477477478,588.0,1.206820823318135,0.901863634775232
145,2021-01-07,1,104,2021-01-07,1,30.0,74.0,708.5192307692307,510.5,1.12412634396907,0.8304878948675223
146,2021-01-07,2,68,2021-01-07,2,19.0,49.0,936.9705882352941,615.0,1.258798009316416,0.9387896697581251
147,2021-01-07,3,48,2021-01-07,3,9.0,39.0,690.4583333333334,558.5,1.368605713704124,1.1424855721164433
148,2021-01-07,4,79,2021-01-07,4,13.0,66.0,765.620253164557,556.0,1.4783852100056578,1.0246608804152686
149,2021-01-07,5,324,2021-01-07,5,20.0,304.0,586.723602484472,435.5,1.1589485044160242,0.8681221368318743
150,2021-01-07,6,1020,2021-01-07,6,71.0,949.0,601.2100098135427,465.0,1.1682250657050992,0.8960646911663417
151,2021-01-07,7,1812,2021-01-07,7,100.0,1712.0,702.6552486187845,550.0,1.2828880412030892,0.9802460137151991
152,2021-01-07,8,2588,2021-01-07,8,167.0,2421.0,716.8708430007734,562.0,1.2747898257927885,0.9979159470569388
153,2021-01-07,9,2120,2021-01-07,9,191.0,1929.0,732.0217391304348,573.0,1.2505414345830725,0.9722738262715267
154,2021-01-07,10,1729,2021-01-07,10,169.0,1560.0,739.5326778484673,545.0,1.148144313624467,0.873020488370599
155,2021-01-07,11,1849,2021-01-07,11,194.0,1655.0,750.6645021645022,533.5,1.0790381278377226,0.8035307474624479
156,2021-01-07,12,2227,2021-01-07,12,290.0,1937.0,799.7191011235955,596.0,1.110078796047789,0.834654027384242
157,2021-01-07,13,2488,2021-01-07,13,305.0,2183.0,822.6356682769726,576.5,1.1214225035283074,0.8269089543787558
158,2021-01-07,14,2789,2021-01-07,14,365.0,2424.0,819.7922497308934,582.0,1.1074853165949106,0.8288956392215602
159,2021-01-07,15,3034,2021-01-07,15,437.0,2597.0,860.900627269726,602.0,1.1553730902711807,0.8853721340903716
160,2021-01-07,16,3422,2021-01-07,16,445.0,2977.0,818.694289897511,596.0,1.1556193213653527,0.882956106257606
161,2021-01-07,17,3571,2021-01-07,17,347.0,3224.0,799.6891816143498,602.0,1.222397187016059,0.9275043063068787
162,2021-01-07,18,3137,2021-01-07,18,356.0,2781.0,739.9920255183413,571.0,1.1736329349972956,0.8863022569992468
163,2021-01-07,19,2167,2021-01-07,19,279.0,1888.0,724.2201665124884,545.5,1.110141297908482,0.8611874493604494
164,2021-01-07,20,1365,2021-01-07,20,174.0,1191.0,720.0990462215701,509.0,1.047361364725723,0.8177097686357028
165,2021-01-07,21,797,2021-01-07,21,122.0,675.0,671.8257575757576,493.0,1.0343110047347575,0.7670608100340646
166,2021-01-07,22,641,2021-01-07,22,116.0,525.0,733.4046875,532.5,1.117099384413572,0.8248090052788783
167,2021-01-07,23,370,2021-01-07,23,70.0,300.0,704.3252032520326,504.0,1.0966838606910663,0.8371536050858566
168,2021-01-08,0,220,2021-01-08,0,49.0,171.0,722.5342465753424,529.0,1.173158989143278,0.893687675166077
169,2021-01-08,1,105,2021-01-08,1,27.0,78.0,916.3619047619047,571.0,1.1340809616363001,0.9031491928150284
170,2021-01-08,2,76,2021-01-08,2,20.0,56.0,1185.3026315789473,565.0,1.0979178618596057,0.8255673778807527
171,2021-01-08,3,60,2021-01-08,3,17.0,43.0,859.9661016949152,506.0,1.3192990786899588,0.8254913534320618
172,2021-01-08,4,87,2021-01-08,4,16.0,71.0,635.9310344827586,518.0,1.2586075684234153,0.8505924739306686
173,2021-01-08,5,273,2021-01-08,5,17.0,256.0,566.2380952380952,436.0,1.0693810980071894,0.8492866791109189
174,2021-01-08,6,967,2021-01-08,6,66.0,901.0,584.1863354037267,459.5,1.1172549077911917,0.8657847293188595
175,2021-01-08,7,1658,2021-01-08,7,110.0,1548.0,667.9849124924563,504.0,1.2049726375933005,0.8855551907007015
176,2021-01-08,8,2376,2021-01-08,8,161.0,2215.0,702.7763268744735,553.0,1.221210097382142,0.9437538696916863
177,2021-01-08,9,2132,2021-01-08,9,184.0,1948.0,698.1507042253521,534.5,1.1853565340714414,0.8875151901168766
178,2021-01-08,10,1787,2021-01-08,10,194.0,1593.0,724.6982082866741,531.5,1.1252273100765349,0.8599844446383924
179,2021-01-08,11,1920,2021-01-08,11,225.0,1695.0,740.5905059989567,547.0,1.0937111482943709,0.8265151434318546
180,2021-01-08,12,2300,2021-01-08,12,298.0,2002.0,760.2522875816993,554.0,1.0745694759039492,0.7850917455912494
181,2021-01-08,13,2449,2021-01-08,13,297.0,2152.0,797.6076828769923,569.0,1.0934462195701793,0.8168406212776504
182,2021-01-08,14,2783,2021-01-08,14,370.0,2413.0,798.9135758012244,580.0,1.1403107425355565,0.869207938354371
183,2021-01-08,15,2845,2021-01-08,15,423.0,2422.0,800.9422128259338,587.0,1.1269177076517127,0.8496877090481721
184,2021-01-08,16,3272,2021-01-08,16,423.0,2849.0,799.7903275176002,602.0,1.1461470318716673,0.864743781310701
185,2021-01-08,17,3413,2021-01-08,17,420.0,2993.0,797.2145166029974,629.0,1.1969824712588593,0.905840763479845
186,2021-01-08,18,2930,2021-01-08,18,341.0,2589.0,786.733242134063,610.5,1.1846088319268464,0.8955068578218086
187,2021-01-08,19,2292,2021-01-08,19,277.0,2015.0,765.7899563318778,562.5,1.096073498207278,0.8420994518375502
188,2021-01-08,20,1361,2021-01-08,20,199.0,1162.0,768.132645541636,561.0,1.0725573906289427,0.8127204933527651
189,2021-01-08,21,779,2021-01-08,21,122.0,657.0,764.258354755784,556.5,1.0409397446273285,0.7926618880299555
190,2021-01-08,22,626,2021-01-08,22,97.0,529.0,679.8990384615385,505.0,1.0519722798169484,0.7899897046721683
191,2021-01-08,23,427,2021-01-08,23,91.0,336.0,720.0657276995305,542.5,1.0830174443599192,0.8173238419278398
192,2021-01-09,0,303,2021-01-09,0,73.0,230.0,657.983498349835,504.0,1.0297073346077115,0.8361248890837403
193,2021-01-09,1,202,2021-01-09,1,52.0,150.0,759.8613861386139,573.0,1.1786629062758522,0.8359876259373391
194,2021-01-09,2,103,2021-01-09,2,29.0,74.0,732.0776699029126,496.0,1.1804657723588103,0.7762753328034566
195,2021-01-09,3,93,2021-01-09,3,35.0,58.0,788.1397849462365,590.0,1.3125078655247822,1.0024999409657673
196,2021-01-09,4,60,2021-01-09,4,12.0,48.0,679.2166666666667,531.5,1.0184011738379612,0.7781033194465568
197,2021-01-09,5,102,2021-01-09,5,16.0,86.0,637.3235294117648,463.0,1.0753934170275476,0.831983739230258
198,2021-01-09,6,289,2021-01-09,6,24.0,265.0,623.8754325259515,468.0,1.2346803955778667,0.9111473001536532
199,2021-01-09,7,584,2021-01-09,7,57.0,527.0,663.070205479452,479.0,1.1630985660818332,0.8677906457305151
200,2021-01-09,8,1009,2021-01-09,8,113.0,896.0,684.0782953419227,470.0,1.092584111617872,0.7952123038488441
201,2021-01-09,9,1545,2021-01-09,9,208.0,1337.0,770.71271076524,544.5,1.1695604061433522,0.8501287362749204
202,2021-01-09,10,2050,2021-01-09,10,292.0,1758.0,761.6730205278592,560.0,1.140331249755708,0.872684201685432
203,2021-01-09,11,2673,2021-01-09,11,467.0,2206.0,814.5629213483146,594.0,1.2041468639682298,0.889530587194034
204,2021-01-09,12,3373,2021-01-09,12,609.0,2764.0,868.5393759286776,641.0,1.2285634417245925,0.937266513941449
205,2021-01-09,13,3380,2021-01-09,13,632.0,2748.0,924.3674859342611,678.0,1.2635581131337275,0.9581066691900599
206,2021-01-09,14,3390,2021-01-09,14,672.0,2718.0,954.0204081632653,687.0,1.2482351841361958,0.9477210435099301
207,2021-01-09,15,3328,2021-01-09,15,569.0,2759.0,954.1613000300933,734.0,1.2193299639076276,0.9364046323735118
208,2021-01-09,16,3088,2021-01-09,16,471.0,2617.0,867.1243102888673,649.0,1.1477239233504037,0.8871524779546035
209,2021-01-09,17,2511,2021-01-09,17,402.0,2109.0,847.4774810681546,612.0,1.089355540802031,0.8130690880077608
210,2021-01-09,18,1988,2021-01-09,18,298.0,1690.0,827.0649874055416,619.0,1.1051204689319654,0.8508409770573487
211,2021-01-09,19,1534,2021-01-09,19,241.0,1293.0,796.7514715500326,590.0,1.0614294534961717,0.8375638927250686
212,2021-01-09,20,1070,2021-01-09,20,193.0,877.0,771.8923220973783,546.5,1.0435392854021515,0.7758811418554872
213,2021-01-09,21,767,2021-01-09,21,142.0,625.0,812.5281045751634,566.0,1.0480502277175963,0.7985234796397295
214,2021-01-09,22,680,2021-01-09,22,153.0,527.0,802.5796460176991,584.5,1.1101146254581755,0.8133050213624846
215,2021-01-09,23,521,2021-01-09,23,117.0,404.0,826.0019193857966,599.0,1.1832648486136434,0.9223831513664489
216,2021-01-10,0,379,2021-01-10,0,96.0,283.0,779.2572944297082,518.0,1.140509265856305,0.8883794436472174
217,2021-01-10,1,218,2021-01-10,1,60.0,158.0,858.5302325581396,567.0,1.2612805921526113,0.9632335889327104
218,2021-01-10,2,114,2021-01-10,2,35.0,79.0,753.7017543859649,580.5,1.2271326682632966,1.027694656289537
219,2021-01-10,3,74,2021-01-10,3,17.0,57.0,835.1216216216217,572.5,1.2545647133366093,0.862702537884148
220,2021-01-10,4,55,2021-01-10,4,24.0,31.0,856.0555555555555,566.0,1.5381020312000588,1.0953909802498805
221,2021-01-10,5,91,2021-01-10,5,13.0,78.0,641.4615384615385,523.0,1.3495084343241426,0.9876817495390773
222,2021-01-10,6,235,2021-01-10,6,21.0,214.0,597.1531914893617,453.0,1.192592293946408,0.8478979039106146
223,2021-01-10,7,418,2021-01-10,7,49.0,369.0,653.9282296650717,455.5,1.1157210570946041,0.743937006007087
224,2021-01-10,8,767,2021-01-10,8,96.0,671.0,702.4177545691906,486.5,1.1376320735093257,0.8353106212672471
225,2021-01-10,9,1370,2021-01-10,9,163.0,1207.0,729.7536549707602,502.5,1.1368029248906506,0.835674765650438
226,2021-01-10,10,1952,2021-01-10,10,267.0,1685.0,806.7094455852156,552.0,1.2032937184364956,0.872993200813102
227,2021-01-10,11,2668,2021-01-10,11,479.0,2189.0,914.2036759189798,639.5,1.2440696821913655,0.9353337212970949
228,2021-01-10,12,3304,2021-01-10,12,626.0,2678.0,959.6686893203884,700.0,1.2904398333544287,0.9811094355976803
229,2021-01-10,13,3785,2021-01-10,13,746.0,3039.0,958.4891591750396,718.0,1.2907590082532727,0.9785756263865962
230,2021-01-10,14,3985,2021-01-10,14,812.0,3173.0,997.3661724051269,754.0,1.2758846458128705,0.9995975976414921
231,2021-01-10,15,3948,2021-01-10,15,792.0,3156.0,1025.1511303022605,759.0,1.2458251458806073,0.9654748473060828
232,2021-01-10,16,3700,2021-01-10,16,700.0,3000.0,952.8531563261988,702.0,1.2332476415212676,0.9326326262517707
233,2021-01-10,17,2549,2021-01-10,17,408.0,2141.0,874.1968503937007,627.0,1.1995092142094954,0.9070332143375538
234,2021-01-10,18,1831,2021-01-10,18,289.0,1542.0,800.9327501366868,567.0,1.0959665091139796,0.8289129900305902
235,2021-01-10,19,1399,2021-01-10,19,191.0,1208.0,746.6030042918455,528.5,1.0788858327266944,0.7880403059924141
236,2021-01-10,20,927,2021-01-10,20,127.0,800.0,716.1693635382956,496.0,1.0059753019287976,0.7197346877820898
237,2021-01-10,21,754,2021-01-10,21,138.0,616.0,733.5992010652463,505.0,1.0814371560759812,0.7843746159680158
238,2021-01-10,22,493,2021-01-10,22,99.0,394.0,726.6069246435845,478.0,1.083632628345963,0.8049930803942006
239,2021-01-10,23,350,2021-01-10,23,52.0,298.0,684.0228571428571,477.5,1.108930263601447,0.8035706795842297
240,2021-01-11,0,176,2021-01-11,0,29.0,147.0,709.875,510.0,1.1001142797514096,0.8828117583354037
241,2021-01-11,1,97,2021-01-11,1,24.0,73.0,814.4948453608248,476.0,1.0296005085589597,0.7224366982106145
242,2021-01-11,2,73,2021-01-11,2,17.0,56.0,910.068493150685,749.0,1.2954493437735464,0.983672688104026
243,2021-01-11,3,68,2021-01-11,3,13.0,55.0,933.6617647058823,679.0,1.3856145037062928,0.7111792261588261
244,2021-01-11,4,80,2021-01-11,4,16.0,64.0,788.725,617.5,1.4166605677293298,0.9814620440463504
245,2021-01-11,5,314,2021-01-11,5,25.0,289.0,587.3089171974523,435.5,1.1441605054725539,0.8801319077971164
246,2021-01-11,6,1018,2021-01-11,6,64.0,954.0,611.4567779960707,474.5,1.1717462332214963,0.9022871949126445
247,2021-01-11,7,1910,2021-01-11,7,132.0,1778.0,711.9078534031414,538.5,1.2893414298316548,0.9621776134051534
248,2021-01-11,8,2799,2021-01-11,8,181.0,2618.0,727.5066237021124,570.0,1.2595574150735127,0.9647624826779058
249,2021-01-11,9,2142,2021-01-11,9,180.0,1962.0,706.4887850467289,544.0,1.1987698503830377,0.9127764209858117
250,2021-01-11,10,1614,2021-01-11,10,153.0,1461.0,704.3292002479851,541.0,1.139370513204739,0.870719440791418
251,2021-01-11,11,1676,2021-01-11,11,159.0,1517.0,744.7986857825567,563.0,1.0879677050476637,0.8116884242716329
252,2021-01-11,12,1979,2021-01-11,12,185.0,1794.0,738.1268958543984,533.0,1.050098501732495,0.7735386901942759
253,2021-01-11,13,2218,2021-01-11,13,275.0,1943.0,757.7872628726287,532.0,1.0581484003806874,0.7797405900189259
254,2021-01-11,14,2461,2021-01-11,14,278.0,2183.0,741.0203500203501,545.0,1.0704664476259307,0.8210900046514152
255,2021-01-11,15,2748,2021-01-11,15,345.0,2403.0,767.7704081632653,589.5,1.127293737326593,0.8482306366054067
256,2021-01-11,16,2943,2021-01-11,16,323.0,2620.0,770.9248299319728,575.0,1.1544105474259894,0.8692397129105502
257,2021-01-11,17,3360,2021-01-11,17,317.0,3043.0,749.9057560393677,572.0,1.1720492269619756,0.8731854608351561
258,2021-01-11,18,3143,2021-01-11,18,302.0,2841.0,718.920918367347,544.5,1.1529389755914745,0.860049262407453
259,2021-01-11,19,2196,2021-01-11,19,238.0,1958.0,718.4038286235187,514.5,1.0993890612481254,0.8390227535199579
260,2021-01-11,20,1357,2021-01-11,20,141.0,1216.0,691.9357933579336,493.0,1.0382455571714235,0.7806981151407346
261,2021-01-11,21,747,2021-01-11,21,86.0,661.0,757.2008032128514,520.0,1.125263266530049,0.8500119888080621
262,2021-01-11,22,608,2021-01-11,22,89.0,519.0,714.6079077429983,487.0,1.1005209079613945,0.8260770440195679
263,2021-01-11,23,379,2021-01-11,23,70.0,309.0,726.0606860158312,535.0,1.1310601985522049,0.8478979039106146
264,2021-01-12,0,218,2021-01-12,0,62.0,156.0,707.9770642201835,532.5,1.1272620446526185,0.8330675076101319
265,2021-01-12,1,105,2021-01-12,1,24.0,81.0,738.8095238095239,519.0,1.2169944561123753,0.8094105235864119
266,2021-01-12,2,70,2021-01-12,2,22.0,48.0,731.7285714285714,509.5,1.1146665165963738,0.6556757429568245
267,2021-01-12,3,60,2021-01-12,3,15.0,45.0,806.3666666666667,575.0,1.4527012654010014,0.982076397840556
268,2021-01-12,4,85,2021-01-12,4,17.0,68.0,716.0595238095239,519.0,1.4029048074431278,1.0314430531449068
269,2021-01-12,5,347,2021-01-12,5,27.0,320.0,582.806358381503,448.0,1.2072187014213205,0.8767980881358756
270,2021-01-12,6,1136,2021-01-12,6,89.0,1047.0,618.4514991181658,487.5,1.2193439464487668,0.9595754543258468
271,2021-01-12,7,2101,2021-01-12,7,128.0,1973.0,711.8757734412185,553.0,1.2877502739604232,0.9720085221839817
272,2021-01-12,8,3046,2021-01-12,8,192.0,2854.0,739.1525312294543,587.5,1.3108048343300962,1.012220796037782
273,2021-01-12,9,2358,2021-01-12,9,199.0,2159.0,715.5498938428875,544.0,1.2175726857856957,0.9114568545761474
274,2021-01-12,10,1937,2021-01-12,10,182.0,1755.0,744.3257497414685,571.0,1.159815065432642,0.898651201401455
275,2021-01-12,11,2053,2021-01-12,11,198.0,1855.0,775.2398829839103,570.0,1.1255030555689884,0.843303275257753
276,2021-01-12,12,2372,2021-01-12,12,265.0,2107.0,776.6222034613761,563.0,1.0890435994311327,0.800979282884932
277,2021-01-12,13,2706,2021-01-12,13,345.0,2361.0,801.5573224852071,575.0,1.1287050760132726,0.8227940151531825
278,2021-01-12,14,3035,2021-01-12,14,364.0,2671.0,836.428147659855,592.0,1.1531608840862742,0.8501981297173028
279,2021-01-12,15,3275,2021-01-12,15,438.0,2837.0,868.9697155093301,632.0,1.1860787325020539,0.9071351240059776
280,2021-01-12,16,3727,2021-01-12,16,479.0,3248.0,854.7896857373087,628.0,1.2174795194309926,0.910550211264173
281,2021-01-12,17,4031,2021-01-12,17,416.0,3615.0,817.8782911077993,627.0,1.2265794683417388,0.9512464196880015
282,2021-01-12,18,3675,2021-01-12,18,394.0,3281.0,773.7927559912854,588.5,1.2186030086812751,0.9250341668521175
283,2021-01-12,19,2471,2021-01-12,19,309.0,2162.0,723.2592292089249,547.0,1.130342586157688,0.858718836638772
284,2021-01-12,20,1466,2021-01-12,20,181.0,1285.0,753.1085324232082,523.0,1.071876208524246,0.81280601248918
285,2021-01-12,21,947,2021-01-12,21,135.0,812.0,740.1203801478352,551.0,1.0950671340580742,0.8483488523115896
286,2021-01-12,22,687,2021-01-12,22,106.0,581.0,730.8573508005823,497.0,1.1528037841068872,0.8358366217008777
287,2021-01-12,23,390,2021-01-12,23,81.0,309.0,703.2680412371134,497.0,1.150304076022779,0.8473650455396418
288,2021-01-13,0,234,2021-01-13,0,50.0,184.0,767.3608695652174,429.5,1.1024865206529337,0.7826461703425138
289,2021-01-13,1,141,2021-01-13,1,29.0,112.0,707.9787234042553,504.0,1.0356386720020625,0.6125957110321959
290,2021-01-13,2,89,2021-01-13,2,24.0,65.0,736.2272727272727,527.5,1.3385929310734814,0.9896379998941567
291,2021-01-13,3,49,2021-01-13,3,9.0,40.0,742.0408163265306,503.0,1.2018680314520123,0.8729181702775466
292,2021-01-13,4,103,2021-01-13,4,21.0,82.0,821.9126213592233,523.0,1.441241651959848,1.0424220714040013
293,2021-01-13,5,389,2021-01-13,5,16.0,373.0,607.853470437018,457.0,1.1743342402046069,0.8714471783377923
294,2021-01-13,6,1154,2021-01-13,6,87.0,1067.0,627.7608318890815,488.5,1.2246933542880007,0.942716157693732
295,2021-01-13,7,2157,2021-01-13,7,130.0,2027.0,738.868555503948,566.0,1.3335290881776525,1.0411313454395121
296,2021-01-13,8,3107,2021-01-13,8,228.0,2879.0,742.2141017385705,602.5,1.3233556685681422,1.0323698563200217
297,2021-01-13,9,2495,2021-01-13,9,229.0,2266.0,731.0838347372644,556.0,1.2382241054395968,0.9649525000597287
298,2021-01-13,10,1983,2021-01-13,10,191.0,1792.0,753.010606060606,575.5,1.2002131258580808,0.9170311901087727
299,2021-01-13,11,2033,2021-01-13,11,253.0,1780.0,771.6896551724138,564.5,1.117656338427919,0.8379157422553853
300,2021-01-13,12,2459,2021-01-13,12,289.0,2170.0,783.1355102040816,567.0,1.0987145260906073,0.8188906632649438
301,2021-01-13,13,2788,2021-01-13,13,321.0,2467.0,760.1316828130606,572.0,1.1027572526597098,0.8478608057956536
302,2021-01-13,14,2913,2021-01-13,14,374.0,2539.0,787.1444788441693,574.0,1.1401063682388726,0.8443971666547401
303,2021-01-13,15,3133,2021-01-13,15,393.0,2740.0,814.8499361430396,593.0,1.1540874523189166,0.8639895253645862
304,2021-01-13,16,3612,2021-01-13,16,459.0,3153.0,837.6370185646994,608.0,1.1729948028790889,0.8647590862177164
305,2021-01-13,17,3861,2021-01-13,17,424.0,3437.0,790.2954898911353,611.0,1.1983476918047535,0.9199214719467224
306,2021-01-13,18,3488,2021-01-13,18,405.0,3083.0,774.5466284074605,583.0,1.1934252743405307,0.8976737907250457
307,2021-01-13,19,2543,2021-01-13,19,324.0,2219.0,747.8944881889764,560.0,1.1400216359472677,0.8710427131301218
308,2021-01-13,20,1503,2021-01-13,20,203.0,1300.0,724.0286475682879,540.0,1.0760122088845565,0.8119440320145863
309,2021-01-13,21,1013,2021-01-13,21,156.0,857.0,713.3135509396637,520.0,1.128658351965295,0.8440437861671186
310,2021-01-13,22,795,2021-01-13,22,146.0,649.0,775.953341740227,532.0,1.1300580586179723,0.816866123219174
311,2021-01-13,23,480,2021-01-13,23,98.0,382.0,758.8598326359833,496.5,1.0944574120985042,0.8059961322197811
312,2021-01-14,0,291,2021-01-14,0,63.0,228.0,778.8556701030927,547.0,1.0933692227945713,0.8532127645730457
313,2021-01-14,1,165,2021-01-14,1,39.0,126.0,714.1158536585366,438.0,1.0438222434579765,0.6712936087144411
314,2021-01-14,2,127,2021-01-14,2,31.0,96.0,680.3779527559055,427.0,0.8865660574639285,0.5945821292601143
315,2021-01-14,3,90,2021-01-14,3,12.0,78.0,698.4606741573034,504.0,1.006751772193539,0.6364838767520186
316,2021-01-14,4,131,2021-01-14,4,18.0,113.0,670.0381679389313,440.0,1.2270232569809472,0.7343112845521461
317,2021-01-14,5,366,2021-01-14,5,20.0,346.0,589.7049180327868,419.0,1.181671368564097,0.8615227619120871
318,2021-01-14,6,1152,2021-01-14,6,86.0,1066.0,632.8567708333334,485.0,1.2211700718965304,0.9322655156535942
319,2021-01-14,7,2237,2021-01-14,7,159.0,2078.0,741.58236347359,553.5,1.3409917053113134,0.9875430541666197
320,2021-01-14,8,3147,2021-01-14,8,248.0,2899.0,739.6925278219396,583.0,1.3014512426381306,1.015075087094396
321,2021-01-14,9,2628,2021-01-14,9,260.0,2368.0,742.3269889607918,583.0,1.2701310694111922,0.986678531654757
322,2021-01-14,10,2214,2021-01-14,10,244.0,1970.0,747.805065581185,570.0,1.1924421180422191,0.9221554552591961
323,2021-01-14,11,2380,2021-01-14,11,287.0,2093.0,791.9835996635828,564.0,1.1473682882852971,0.8392736595442201
324,2021-01-14,12,2633,2021-01-14,12,303.0,2330.0,775.9159695817491,567.0,1.0999328646001632,0.8130374059865629
325,2021-01-14,13,3198,2021-01-14,13,415.0,2783.0,804.6485133020344,581.0,1.1193338157418393,0.8263706116146579
326,2021-01-14,14,3280,2021-01-14,14,457.0,2823.0,829.7290775809407,604.0,1.1619924136139843,0.8585266419208435
327,2021-01-14,15,3793,2021-01-14,15,586.0,3207.0,876.9955133280549,638.0,1.1982289995155675,0.9096423066336706
328,2021-01-14,16,4211,2021-01-14,16,592.0,3619.0,891.7355883754169,644.0,1.210870795986995,0.9235438491010614
329,2021-01-14,17,4438,2021-01-14,17,609.0,3829.0,832.5066546356869,632.0,1.2411154328216305,0.940988654140638
330,2021-01-14,18,4044,2021-01-14,18,514.0,3530.0,812.5863433943592,613.0,1.2080859046185333,0.9335524118695212
331,2021-01-14,19,2837,2021-01-14,19,389.0,2448.0,762.5284151076597,568.0,1.153346252676086,0.8737450636116051
332,2021-01-14,20,1823,2021-01-14,20,248.0,1575.0,761.9895661724328,529.0,1.0698131821457466,0.7906765896221505
333,2021-01-14,21,1203,2021-01-14,21,201.0,1002.0,798.1946532999165,537.0,1.1145180908907528,0.8175885330894112
334,2021-01-14,22,918,2021-01-14,22,166.0,752.0,800.2191930207198,549.0,1.198621078868938,0.9092481372008847
335,2021-01-14,23,526,2021-01-14,23,123.0,403.0,831.9980879541109,584.0,1.1851164702193855,0.851386697076921
336,2021-01-15,0,308,2021-01-15,0,71.0,237.0,783.957654723127,589.0,1.082695310290134,0.8509866394234584
337,2021-01-15,1,169,2021-01-15,1,53.0,116.0,825.311377245509,592.0,1.2814275325978532,0.8255623810975804
338,2021-01-15,2,107,2021-01-15,2,26.0,81.0,948.7757009345794,640.0,1.36466722018841,1.2372087426643217
339,2021-01-15,3,76,2021-01-15,3,16.0,60.0,1018.4868421052631,653.0,1.318924245313699,0.9552825825147864
340,2021-01-15,4,100,2021-01-15,4,19.0,81.0,843.05,492.5,1.2864671308387559,0.7932620530088879
341,2021-01-15,5,338,2021-01-15,5,27.0,311.0,615.3720238095239,448.5,1.1684515217135665,0.8670463928072076
342,2021-01-15,6,1075,2021-01-15,6,90.0,985.0,597.4818604651163,478.0,1.1584530891889495,0.8885936532819925
343,2021-01-15,7,1996,2021-01-15,7,128.0,1868.0,714.2439879759519,526.5,1.2711703860538157,0.9489124756475331
344,2021-01-15,8,2838,2021-01-15,8,248.0,2590.0,720.6445698166432,573.0,1.2457587856356802,0.9668562126805968
345,2021-01-15,9,2315,2021-01-15,9,225.0,2090.0,711.9204152249135,541.0,1.2041551879998702,0.9106853280259821
346,2021-01-15,10,2088,2021-01-15,10,248.0,1840.0,736.8021082894106,555.0,1.1913288722254871,0.9007190112685681
347,2021-01-15,11,2216,2021-01-15,11,281.0,1935.0,763.7558664259927,569.0,1.0965240986202327,0.8337714280106274
348,2021-01-15,12,2675,2021-01-15,12,352.0,2323.0,787.7044943820225,568.0,1.1126676711781402,0.83453672634528
349,2021-01-15,13,2826,2021-01-15,13,417.0,2409.0,799.4714842366277,580.0,1.1216440138838148,0.8396871295597836
350,2021-01-15,14,3044,2021-01-15,14,436.0,2608.0,800.5434496379197,559.0,1.118936426383839,0.8358620389881508
351,2021-01-15,15,3380,2021-01-15,15,483.0,2897.0,841.5886188500297,608.5,1.1795034896381522,0.8793498014471076
352,2021-01-15,16,3768,2021-01-15,16,543.0,3225.0,847.9035600425079,634.0,1.1887722593608068,0.9210207746669562
353,2021-01-15,17,3861,2021-01-15,17,489.0,3372.0,814.5044110015568,632.0,1.2077713869884599,0.9188742894357598
354,2021-01-15,18,3408,2021-01-15,18,459.0,2949.0,781.6009982384028,581.5,1.135104544884911,0.8528994956225382
355,2021-01-15,19,2075,2021-01-15,19,321.0,1754.0,738.0082006753497,551.0,1.0268256875991222,0.796755527753689
356,2021-01-15,20,982,2021-01-15,20,125.0,857.0,791.070480081716,578.0,1.0229575823458315,0.7604201018939334
357,2021-01-15,21,428,2021-01-15,21,59.0,369.0,796.1051401869158,513.5,0.9649196488657048,0.692270888185255
358,2021-01-15,22,219,2021-01-15,22,31.0,188.0,708.5753424657535,517.0,1.0920270835674515,0.7572972476779175
359,2021-01-15,23,216,2021-01-15,23,46.0,170.0,719.6620370370371,493.0,0.9739950723613402,0.708734050905927
360,2021-01-16,0,242,2021-01-16,0,42.0,200.0,675.603305785124,486.0,1.121614744306994,0.8454818465463179
361,2021-01-16,1,182,2021-01-16,1,61.0,121.0,788.978021978022,529.5,1.2311165549423082,0.8223826008753166
362,2021-01-16,2,38,2021-01-16,2,7.0,31.0,704.1842105263158,495.5,0.9232539455723556,0.6997826712799693
363,2021-01-16,3,26,2021-01-16,3,5.0,21.0,643.7916666666666,472.0,1.2102141579846768,0.9943196802556361
364,2021-01-16,4,22,2021-01-16,4,4.0,18.0,651.15,539.5,1.1336520357447182,0.960815022837578
365,2021-01-16,5,40,2021-01-16,5,3.0,37.0,501.525,353.0,0.9623213308332501,0.5723651760566817
366,2021-01-16,6,186,2021-01-16,6,15.0,171.0,665.9621621621621,497.0,1.1666178779081997,0.9121687706186354
367,2021-01-16,7,449,2021-01-16,7,42.0,407.0,649.9376391982182,436.0,1.1636166329185562,0.8259062841008106
368,2021-01-16,8,894,2021-01-16,8,99.0,795.0,696.2841163310962,510.5,1.1620793229708795,0.8856422136924098
369,2021-01-16,9,1605,2021-01-16,9,183.0,1422.0,739.604984423676,543.0,1.2100240562419484,0.8856496893645058
370,2021-01-16,10,2328,2021-01-16,10,413.0,1915.0,828.1027073485174,618.0,1.2618430021877263,0.9599895945473094
371,2021-01-16,11,3102,2021-01-16,11,580.0,2522.0,910.1303225806452,656.5,1.2760291251475508,0.962577860507316
372,2021-01-16,12,3922,2021-01-16,12,783.0,3139.0,935.9647689558335,667.0,1.28968990900488,0.9754510213938647
373,2021-01-16,13,4316,2021-01-16,13,1011.0,3305.0,999.6480836236934,755.0,1.3150844183460533,1.023554217301172
374,2021-01-16,14,4636,2021-01-16,14,1123.0,3513.0,1025.9681887037439,760.0,1.2761115696455945,0.9804690028778358
375,2021-01-16,15,4398,2021-01-16,15,1000.0,3398.0,1009.9007285974499,747.0,1.2596896076527782,0.9411378297411505
376,2021-01-16,16,4044,2021-01-16,16,865.0,3179.0,988.0346534653465,754.5,1.2784981610319792,0.9641565516956725
377,2021-01-16,17,2910,2021-01-16,17,546.0,2364.0,872.6504987960096,664.0,1.180031493606119,0.8961155487934502
378,2021-01-16,18,2439,2021-01-16,18,440.0,1999.0,837.9786096256685,640.0,1.2134932684712214,0.9166746367247581
379,2021-01-16,19,1804,2021-01-16,19,318.0,1486.0,827.1521377012771,599.0,1.0929166466164404,0.8463555338226139
380,2021-01-16,20,1292,2021-01-16,20,292.0,1000.0,890.1311093871218,627.0,1.0783350791915691,0.8285971176270717
381,2021-01-16,21,884,2021-01-16,21,192.0,692.0,811.4436860068259,586.0,1.0471980032097636,0.7932291989731615
382,2021-01-16,22,780,2021-01-16,22,199.0,581.0,806.7586649550706,580.0,1.1038440647739725,0.9176066303342507
383,2021-01-16,23,650,2021-01-16,23,166.0,484.0,810.9923076923077,574.5,1.2103218842895045,0.9110745988575848
384,2021-01-17,0,459,2021-01-17,0,119.0,340.0,826.8052516411378,578.0,1.1727444708979367,0.8601525276125425
385,2021-01-17,1,321,2021-01-17,1,79.0,242.0,763.6144200626959,535.0,1.0643219109766662,0.7714216305354311
386,2021-01-17,2,207,2021-01-17,2,49.0,158.0,806.3719806763285,513.0,1.1387226534859747,0.709653395713355
387,2021-01-17,3,157,2021-01-17,3,39.0,118.0,662.3248407643312,369.0,0.9799550388481525,0.6174504122878038
388,2021-01-17,4,100,2021-01-17,4,15.0,85.0,589.42,330.5,1.0817110875202542,0.49485754253049685
389,2021-01-17,5,125,2021-01-17,5,17.0,108.0,687.432,400.0,1.146130092424149,0.7175618286991555
390,2021-01-17,6,313,2021-01-17,6,27.0,286.0,561.6666666666666,388.5,1.0578046551671472,0.7473123049710202
391,2021-01-17,7,484,2021-01-17,7,29.0,455.0,620.9152892561983,434.5,1.129031270441608,0.8367731634401853
392,2021-01-17,8,889,2021-01-17,8,117.0,772.0,776.9842164599775,535.0,1.235924955442361,0.897978181408077
393,2021-01-17,9,1480,2021-01-17,9,216.0,1264.0,845.8209459459459,599.5,1.2365240438092087,0.9581942823763645
394,2021-01-17,10,2155,2021-01-17,10,402.0,1753.0,887.6036245353159,635.0,1.2430245637885267,0.9527548353141431
395,2021-01-17,11,3073,2021-01-17,11,677.0,2396.0,957.1134659276165,711.0,1.2854180062280618,1.0116650327760013
396,2021-01-17,12,3692,2021-01-17,12,922.0,2770.0,1027.0010878433507,746.0,1.3315480554405634,1.0103141524797836
397,2021-01-17,13,4044,2021-01-17,13,1100.0,2944.0,1071.361448772017,798.0,1.3691590456173877,1.0612295319270197
398,2021-01-17,14,4200,2021-01-17,14,1041.0,3159.0,1062.6729484732825,782.0,1.3116228134436196,1.0188287298156795
399,2021-01-17,15,4076,2021-01-17,15,925.0,3151.0,1045.1355140186915,771.0,1.2859159874152946,0.9900958904312736
400,2021-01-17,16,3279,2021-01-17,16,754.0,2525.0,996.0159021406728,729.0,1.2258904731179499,0.9288245667222024
401,2021-01-17,17,2649,2021-01-17,17,536.0,2113.0,898.4119425547997,644.0,1.157888023649827,0.8825475318073921
402,2021-01-17,18,2143,2021-01-17,18,432.0,1711.0,850.9078578110383,629.0,1.1208579390501408,0.8906590916901853
403,2021-01-17,19,1647,2021-01-17,19,299.0,1348.0,829.9908759124088,588.5,1.101271378905439,0.823820846576871
404,2021-01-17,20,1157,2021-01-17,20,236.0,921.0,841.0769896193772,532.0,1.060636564121822,0.7502670800296847
405,2021-01-17,21,853,2021-01-17,21,164.0,689.0,800.8655660377359,602.0,1.0932527238032974,0.8420994518375502
406,2021-01-17,22,796,2021-01-17,22,152.0,644.0,829.0050441361917,550.0,1.1182884573221292,0.8392272404921873
407,2021-01-17,23,532,2021-01-17,23,126.0,406.0,754.5406427221172,520.0,1.1117877160689233,0.8450628957763615
408,2021-01-18,0,328,2021-01-18,0,86.0,242.0,780.565749235474,505.0,1.1287280441605922,0.8294213506108665
409,2021-01-18,1,207,2021-01-18,1,66.0,141.0,953.8067632850242,598.0,1.292176614423906,0.889443440146887
410,2021-01-18,2,113,2021-01-18,2,32.0,81.0,933.5486725663717,650.0,1.3165345352352162,1.0870827827387959
411,2021-01-18,3,79,2021-01-18,3,18.0,61.0,899.7974683544304,686.0,1.5060742262744065,0.8892561825105083
412,2021-01-18,4,63,2021-01-18,4,17.0,46.0,830.516129032258,597.0,1.3708625574606175,1.1971151594953346
413,2021-01-18,5,220,2021-01-18,5,16.0,204.0,576.9181818181818,425.0,1.087852346494083,0.7453597857945895
414,2021-01-18,6,580,2021-01-18,6,46.0,534.0,621.5465517241379,439.0,1.137489054215072,0.8330310912412774
415,2021-01-18,7,985,2021-01-18,7,69.0,916.0,662.9421319796954,496.0,1.2027027541025814,0.8952309840233755
416,2021-01-18,8,1539,2021-01-18,8,131.0,1408.0,745.6742522756828,539.5,1.2306427224323582,0.9094281898984337
417,2021-01-18,9,1941,2021-01-18,9,234.0,1707.0,769.1589267285862,573.0,1.2296298236724053,0.9270732340187571
418,2021-01-18,10,2287,2021-01-18,10,331.0,1956.0,886.6503067484663,632.0,1.262468462907273,0.9452098379823989
419,2021-01-18,11,3022,2021-01-18,11,541.0,2481.0,942.6109271523179,673.5,1.2780391287702153,0.9374200795685075
420,2021-01-18,12,3690,2021-01-18,12,802.0,2888.0,998.4589096826688,734.0,1.31226005525237,1.0086109037025386
421,2021-01-18,13,3975,2021-01-18,13,802.0,3173.0,985.8400100781054,725.0,1.2799396747718494,0.9971106133603269
422,2021-01-18,14,4251,2021-01-18,14,890.0,3361.0,1036.966784452297,770.0,1.2793513092308741,0.963268064389825
423,2021-01-18,15,4354,2021-01-18,15,910.0,3444.0,998.9638997470682,747.0,1.2354942843828223,0.9744567872551648
424,2021-01-18,16,4199,2021-01-18,16,807.0,3392.0,960.2421278625955,702.0,1.218312311009886,0.9143346743325534
425,2021-01-18,17,3376,2021-01-18,17,532.0,2844.0,874.04158004158,655.0,1.2378318316388852,0.9197656831198091
426,2021-01-18,18,2587,2021-01-18,18,334.0,2253.0,765.7422600619195,563.0,1.0993214615297238,0.8329385987205874
427,2021-01-18,19,1863,2021-01-18,19,267.0,1596.0,773.257388500806,563.0,1.1423961214910496,0.8522604841580673
428,2021-01-18,20,1245,2021-01-18,20,174.0,1071.0,739.9364951768489,514.5,1.0409530655828594,0.7579718868010048
429,2021-01-18,21,806,2021-01-18,21,152.0,654.0,808.3142857142857,571.0,1.069466867184519,0.8341494115365596
430,2021-01-18,22,663,2021-01-18,22,123.0,540.0,743.0725075528701,534.0,1.1630226621248527,0.8973170472923783
431,2021-01-18,23,367,2021-01-18,23,66.0,301.0,732.9754098360655,508.0,1.1216261263830083,0.8320161819976835
432,2021-01-19,0,232,2021-01-19,0,44.0,188.0,717.4568965517242,445.0,0.8928900824894216,0.5683053298801812
433,2021-01-19,1,153,2021-01-19,1,44.0,109.0,655.5032679738562,438.0,0.8357647000149561,0.5227366598754605
434,2021-01-19,2,90,2021-01-19,2,22.0,68.0,601.2666666666667,471.5,0.8618290648762529,0.5317710283863519
435,2021-01-19,3,92,2021-01-19,3,16.0,76.0,638.7065217391304,340.0,1.1213219085976005,0.6335442352968573
436,2021-01-19,4,126,2021-01-19,4,14.0,112.0,560.4603174603175,309.5,0.9665531891579349,0.3836599034581654
437,2021-01-19,5,434,2021-01-19,5,26.0,408.0,553.0783410138249,388.5,1.1449296934971014,0.8152853216440421
438,2021-01-19,6,1219,2021-01-19,6,90.0,1129.0,623.8736669401148,475.0,1.1800671164260117,0.8884112610601183
439,2021-01-19,7,2167,2021-01-19,7,132.0,2035.0,720.4404432132964,560.0,1.2800310797796646,0.9828285157493386
440,2021-01-19,8,2990,2021-01-19,8,224.0,2766.0,739.8745399799265,585.0,1.2881582985223976,1.0059267790255948
441,2021-01-19,9,2394,2021-01-19,9,213.0,2181.0,754.9962343096234,590.5,1.2659863048538325,0.9905726819472306
442,2021-01-19,10,1892,2021-01-19,10,193.0,1699.0,753.9121228163049,579.0,1.1815853814517707,0.9050325889440345
443,2021-01-19,11,1949,2021-01-19,11,210.0,1739.0,777.9655880842322,561.0,1.1294825636629928,0.8301459915362794
444,2021-01-19,12,2224,2021-01-19,12,268.0,1956.0,752.0701754385965,533.0,1.0598361307405626,0.7757393748026606
445,2021-01-19,13,2379,2021-01-19,13,291.0,2088.0,783.6703157894736,553.0,1.0669065244615243,0.7886960024530507
446,2021-01-19,14,2542,2021-01-19,14,323.0,2219.0,775.6720472440945,557.0,1.1043620293920584,0.8280115832724366
447,2021-01-19,15,2958,2021-01-19,15,376.0,2582.0,795.4903487978327,577.0,1.1435292327533733,0.852610077378375
448,2021-01-19,16,3392,2021-01-19,16,357.0,3035.0,810.0014749262536,600.0,1.1957651106892553,0.8837107211374882
449,2021-01-19,17,3777,2021-01-19,17,416.0,3361.0,772.0622186920837,598.0,1.1998466415117894,0.9300387150423421
450,2021-01-19,18,3454,2021-01-19,18,388.0,3066.0,763.3702522470281,585.0,1.216678075424321,0.9272535247782259
451,2021-01-19,19,2539,2021-01-19,19,313.0,2226.0,726.0602599448601,544.0,1.1202605328362059,0.8455222792042755
452,2021-01-19,20,1546,2021-01-19,20,236.0,1310.0,682.3726506804926,502.0,1.0432752817975095,0.8190418704816905
453,2021-01-19,21,933,2021-01-19,21,146.0,787.0,725.8338692390139,514.0,1.0698273356681067,0.780217474984655
454,2021-01-19,22,724,2021-01-19,22,158.0,566.0,781.4584487534626,552.0,1.1689873350519593,0.879855675093854
455,2021-01-19,23,386,2021-01-19,23,59.0,327.0,706.0025906735751,496.5,1.075581134052626,0.7721853827631989
456,2021-01-20,0,245,2021-01-20,0,54.0,191.0,720.1120331950208,494.0,1.1206637389351786,0.8129330343471601
457,2021-01-20,1,122,2021-01-20,1,38.0,84.0,793.3801652892562,632.0,1.2217759525619694,0.8320161819976931
458,2021-01-20,2,71,2021-01-20,2,22.0,49.0,808.5507246376811,612.0,1.2344301578953834,1.0388873744739051
459,2021-01-20,3,50,2021-01-20,3,10.0,40.0,638.88,524.0,1.362380408987777,1.0162019192693454
460,2021-01-20,4,92,2021-01-20,4,15.0,77.0,742.804347826087,570.0,1.5544099055126304,1.0504837232175446
461,2021-01-20,5,382,2021-01-20,5,21.0,361.0,619.1256544502618,409.5,1.162413270149922,0.8444489274840917
462,2021-01-20,6,1173,2021-01-20,6,73.0,1100.0,639.0409556313994,488.0,1.2137376418379076,0.9296018294954189
463,2021-01-20,7,1469,2021-01-20,7,74.0,1395.0,663.0899182561308,505.0,1.2222227760524946,0.8967791781110697
464,2021-01-20,8,2399,2021-01-20,8,148.0,2251.0,732.0329991645781,578.0,1.2590176454716233,0.9672356059239516
465,2021-01-20,9,2184,2021-01-20,9,164.0,2020.0,714.3119560238205,554.0,1.210667576494877,0.9183017198104231
466,2021-01-20,10,1786,2021-01-20,10,189.0,1597.0,743.3518518518518,549.5,1.1248203492948918,0.8707648098984353
467,2021-01-20,11,1842,2021-01-20,11,218.0,1624.0,699.1795429815016,532.5,1.071936506100527,0.8175382341799775
468,2021-01-20,12,1915,2021-01-20,12,245.0,1670.0,746.4848326359833,538.5,1.065484115537358,0.8000396024527655
469,2021-01-20,13,2465,2021-01-20,13,303.0,2162.0,748.1330628803246,531.0,1.0637557789691314,0.797700451440363
470,2021-01-20,14,2463,2021-01-20,14,333.0,2130.0,781.5900040633888,567.0,1.1004522518123951,0.8307903920301071
471,2021-01-20,15,2750,2021-01-20,15,336.0,2414.0,784.5436681222708,568.0,1.1011241844733355,0.8308132463445022
472,2021-01-20,16,3192,2021-01-20,16,382.0,2810.0,754.8374136848713,566.5,1.1367200163490025,0.8496877090481697
473,2021-01-20,17,3450,2021-01-20,17,338.0,3112.0,766.175464037123,569.0,1.1845138943452118,0.8926070429068528
474,2021-01-20,18,3077,2021-01-20,18,308.0,2769.0,699.2965494791666,544.5,1.145058796352663,0.8692079383542658
475,2021-01-20,19,2129,2021-01-20,19,239.0,1890.0,680.381758345087,519.0,1.0875518659172436,0.835914334685705
476,2021-01-20,20,1267,2021-01-20,20,149.0,1118.0,687.4932912391475,496.0,1.04229010731763,0.823495266215469
477,2021-01-20,21,753,2021-01-20,21,90.0,663.0,666.711051930759,477.0,1.075244904530856,0.8329376210079293
478,2021-01-20,22,607,2021-01-20,22,106.0,501.0,673.7775947281714,483.0,1.1091094588073203,0.8203821618364119
479,2021-01-20,23,368,2021-01-20,23,63.0,305.0,726.3351498637602,491.0,1.0977182518330189,0.8141240679265402
480,2021-01-21,0,203,2021-01-21,0,57.0,146.0,784.509900990099,516.0,1.0581548138981647,0.6923742151244003
481,2021-01-21,1,125,2021-01-21,1,37.0,88.0,803.4758064516129,558.0,1.2641727781400833,0.9479666577583002
482,2021-01-21,2,59,2021-01-21,2,19.0,40.0,758.3220338983051,615.0,1.233821636071419,0.8190418704818954
483,2021-01-21,3,57,2021-01-21,3,13.0,44.0,652.1052631578947,432.0,1.2080639984430552,0.695788181877925
484,2021-01-21,4,88,2021-01-21,4,19.0,69.0,711.8409090909091,488.0,1.3578383212949778,0.9540514034259352
485,2021-01-21,5,345,2021-01-21,5,17.0,328.0,594.2848837209302,418.0,1.2369150876953718,0.9224845800409905
486,2021-01-21,6,1081,2021-01-21,6,73.0,1008.0,607.2314814814815,469.5,1.1953752718584378,0.9410744768332657
487,2021-01-21,7,1997,2021-01-21,7,145.0,1852.0,710.3097744360903,541.0,1.3077593834701309,0.9966725336635921
488,2021-01-21,8,2886,2021-01-21,8,211.0,2675.0,729.7494802494803,564.0,1.2885527047380392,0.9928921901732509
489,2021-01-21,9,2308,2021-01-21,9,201.0,2107.0,699.5476603119585,553.0,1.2028153969578887,0.9278993360884232
490,2021-01-21,10,1808,2021-01-21,10,179.0,1629.0,745.8561151079136,554.0,1.211064475495046,0.9137956264249534
491,2021-01-21,11,1924,2021-01-21,11,206.0,1718.0,742.8558792924038,536.0,1.077654365064941,0.8051210741105439
492,2021-01-21,12,2295,2021-01-21,12,280.0,2015.0,748.9079004801397,531.0,1.0893281519074411,0.7918337434744078
493,2021-01-21,13,2556,2021-01-21,13,352.0,2204.0,792.1276429130776,563.5,1.1148275291070198,0.8417476711595078
494,2021-01-21,14,2788,2021-01-21,14,417.0,2371.0,810.3008976660682,595.0,1.1681972852129712,0.8827097555350292
495,2021-01-21,15,3148,2021-01-21,15,437.0,2711.0,842.6527821939586,618.0,1.1774626197367348,0.8966966963237308
496,2021-01-21,16,3501,2021-01-21,16,444.0,3057.0,819.3411562678878,619.0,1.1827844676231292,0.8858367925183397
497,2021-01-21,17,3806,2021-01-21,17,421.0,3385.0,800.0523271101762,615.0,1.2041653578980558,0.9211906206399143
498,2021-01-21,18,3488,2021-01-21,18,426.0,3062.0,765.8251005169443,592.5,1.1945200200196049,0.9086752641809412
499,2021-01-21,19,2639,2021-01-21,19,330.0,2309.0,737.8201138519925,560.0,1.1532567432875265,0.8653790495707839
500,2021-01-21,20,1563,2021-01-21,20,197.0,1366.0,745.1309370988447,547.5,1.0919546057194434,0.8285031975863121
501,2021-01-21,21,985,2021-01-21,21,152.0,833.0,763.3248730964467,548.0,1.0972661990569672,0.8348584874434408
502,2021-01-21,22,782,2021-01-21,22,141.0,641.0,737.6253196930946,530.0,1.1633628570525087,0.8917033015465576
503,2021-01-21,23,465,2021-01-21,23,100.0,365.0,729.4172043010752,524.0,1.0791543730384983,0.8042693445788055
504,2021-01-22,0,265,2021-01-22,0,48.0,217.0,733.2188679245284,509.0,1.184986941275309,0.9020063985350775
505,2021-01-22,1,144,2021-01-22,1,47.0,97.0,830.3356643356643,603.0,1.2092816575517453,0.9148313529472958
506,2021-01-22,2,82,2021-01-22,2,35.0,47.0,810.2962962962963,588.0,1.2842669648470817,0.913912130050496
507,2021-01-22,3,69,2021-01-22,3,22.0,47.0,880.6666666666666,627.0,1.331302850095619,0.8354321068084898
508,2021-01-22,4,86,2021-01-22,4,17.0,69.0,770.1294117647059,509.0,1.1248433385700867,0.8826274806620092
509,2021-01-22,5,348,2021-01-22,5,16.0,332.0,567.5258620689655,420.0,1.1437290965672422,0.8615227619120871
510,2021-01-22,6,1132,2021-01-22,6,90.0,1042.0,634.9964664310954,481.0,1.212539372318541,0.9436154530809766
511,2021-01-22,7,2006,2021-01-22,7,134.0,1872.0,697.6533466533466,529.0,1.278120211809603,0.9652288118918859
512,2021-01-22,8,2886,2021-01-22,8,238.0,2648.0,720.8662045060659,563.0,1.2671255115713098,0.973031760691188
513,2021-01-22,9,2387,2021-01-22,9,246.0,2141.0,726.3534591194968,552.0,1.2399948645417522,0.9391334584398106
514,2021-01-22,10,2040,2021-01-22,10,260.0,1780.0,742.4818271119843,553.5,1.191054715971856,0.8670474118755247
515,2021-01-22,11,2175,2021-01-22,11,270.0,1905.0,767.0409572020249,558.0,1.1105811558165348,0.8425261748262728
516,2021-01-22,12,2526,2021-01-22,12,358.0,2168.0,780.2149940499802,571.0,1.0868997586988236,0.812061578058442
517,2021-01-22,13,2749,2021-01-22,13,347.0,2402.0,758.0415300546448,567.0,1.104432902298878,0.8501437833130192
518,2021-01-22,14,3196,2021-01-22,14,469.0,2727.0,818.5419536631183,590.0,1.1475021382222361,0.8859133742779293
519,2021-01-22,15,3388,2021-01-22,15,543.0,2845.0,844.1868164351167,614.0,1.189526324183212,0.9008714477238341
520,2021-01-22,16,3978,2021-01-22,16,617.0,3361.0,868.5278127359678,646.0,1.2103869903481392,0.9244017902659505
521,2021-01-22,17,4212,2021-01-22,17,541.0,3671.0,794.2837773549,601.0,1.1883004049908432,0.8880162800503277
522,2021-01-22,18,3574,2021-01-22,18,457.0,3117.0,790.7524502940353,605.0,1.1870429130485638,0.9086227163324436
523,2021-01-22,19,2689,2021-01-22,19,406.0,2283.0,762.9895678092399,582.0,1.1338312449581767,0.8842642654068049
524,2021-01-22,20,1629,2021-01-22,20,276.0,1353.0,784.559926244622,565.0,1.0610443101958105,0.7881532486571815
525,2021-01-22,21,1021,2021-01-22,21,199.0,822.0,779.2845927379784,569.0,1.0601016989372236,0.8353366237546425
526,2021-01-22,22,852,2021-01-22,22,204.0,648.0,809.0551643192488,555.0,1.1526489217459088,0.8615790051086285
527,2021-01-22,23,603,2021-01-22,23,112.0,491.0,819.5688225538972,589.0,1.2525348157207103,0.9363358829814052
528,2021-01-23,0,442,2021-01-23,0,103.0,339.0,739.5158371040724,499.0,1.207684447023082,0.8649597772971789
529,2021-01-23,1,279,2021-01-23,1,87.0,192.0,801.9347826086956,557.5,1.199675983382734,0.9301067587511829
530,2021-01-23,2,185,2021-01-23,2,57.0,128.0,792.7445652173913,542.0,1.2390115861652893,0.9066436053945803
531,2021-01-23,3,100,2021-01-23,3,33.0,67.0,726.4747474747475,574.0,1.324740971504407,1.0451247799295502
532,2021-01-23,4,67,2021-01-23,4,18.0,49.0,730.1492537313433,533.0,1.2084255200578766,0.8255545126242748
533,2021-01-23,5,115,2021-01-23,5,15.0,100.0,555.3130434782609,437.0,1.1173637493294593,0.7447946568270243
534,2021-01-23,6,325,2021-01-23,6,24.0,301.0,629.12,481.0,1.167257998800224,0.8700522125281893
535,2021-01-23,7,568,2021-01-23,7,55.0,513.0,619.2398589065256,444.0,1.1352925211230303,0.8059886433903565
536,2021-01-23,8,1006,2021-01-23,8,127.0,879.0,698.4169154228856,481.0,1.1792898413188584,0.8747764669108071
537,2021-01-23,9,1559,2021-01-23,9,197.0,1362.0,713.0706486833654,510.0,1.1352711642070494,0.8478979039106146
538,2021-01-23,10,2189,2021-01-23,10,331.0,1858.0,742.3890925756187,525.0,1.1254325347334904,0.8454246863308118
539,2021-01-23,11,2605,2021-01-23,11,437.0,2168.0,782.2220939183987,570.5,1.149827699564754,0.8878491360262092
540,2021-01-23,12,2957,2021-01-23,12,583.0,2374.0,864.5897522904648,637.0,1.2257373616137563,0.9372289689750237
541,2021-01-23,13,3148,2021-01-23,13,605.0,2543.0,900.4872773536896,678.5,1.2279985789647672,0.9432740668213153
542,2021-01-23,14,3061,2021-01-23,14,554.0,2507.0,873.297447643979,647.0,1.191569525758748,0.8924350765025946
543,2021-01-23,15,3076,2021-01-23,15,576.0,2500.0,884.197265625,658.0,1.18337950301304,0.9004475963713818
544,2021-01-23,16,2817,2021-01-23,16,526.0,2291.0,855.8279416992534,642.0,1.1490881466641896,0.8734004341556622
545,2021-01-23,17,2213,2021-01-23,17,318.0,1895.0,766.0819375282933,562.0,1.056711640130708,0.7813237618717987
546,2021-01-23,18,1715,2021-01-23,18,232.0,1483.0,771.9760233918129,558.0,1.068302871485535,0.8033307737390596
547,2021-01-23,19,1313,2021-01-23,19,204.0,1109.0,729.3335877862595,560.0,1.059345039498951,0.8125429369705993
548,2021-01-23,20,920,2021-01-23,20,154.0,766.0,737.1588683351468,531.0,0.9724723695226312,0.6920661211928381
549,2021-01-23,21,616,2021-01-23,21,107.0,509.0,706.3756097560976,526.0,0.9565774452425311,0.7278199804694279
550,2021-01-23,22,472,2021-01-23,22,92.0,380.0,666.8659574468085,473.0,1.0151596562819747,0.7391868914797686
551,2021-01-23,23,389,2021-01-23,23,62.0,327.0,673.0077519379845,450.0,0.9374230755905423,0.7481587377512466
552,2021-01-24,0,316,2021-01-24,0,70.0,246.0,729.8248407643312,549.0,1.0808903496737952,0.8526667017600367
553,2021-01-24,1,302,2021-01-24,1,81.0,221.0,709.4533333333334,497.5,1.2590027753445763,0.9350847139867579
554,2021-01-24,2,133,2021-01-24,2,42.0,91.0,710.4285714285714,548.0,1.1079554641778275,0.8210979891271197
555,2021-01-24,3,73,2021-01-24,3,23.0,50.0,760.9166666666666,570.5,1.367327910804952,0.8977694567689054
556,2021-01-24,4,52,2021-01-24,4,13.0,39.0,837.4615384615385,698.5,1.445167377598967,1.1256019620552578
557,2021-01-24,5,61,2021-01-24,5,6.0,55.0,600.2622950819672,423.0,1.227321038907096,0.8592689289123667
558,2021-01-24,6,211,2021-01-24,6,12.0,199.0,570.1990521327015,409.0,1.1283259011996147,0.8169918982775177
559,2021-01-24,7,352,2021-01-24,7,21.0,331.0,560.6723646723647,389.0,1.009808332242457,0.7803434281554507
560,2021-01-24,8,669,2021-01-24,8,74.0,595.0,637.0508982035929,435.5,1.0617500090387484,0.8004664967677969
561,2021-01-24,9,999,2021-01-24,9,129.0,870.0,681.8687374749499,490.0,1.0553400252804372,0.7615802776379201
562,2021-01-24,10,1558,2021-01-24,10,203.0,1355.0,731.4562982005141,554.5,1.1175443894111026,0.8328113467108417
563,2021-01-24,11,2116,2021-01-24,11,321.0,1795.0,801.9190724088973,570.0,1.1473027210400386,0.8688936077868687
564,2021-01-24,12,2531,2021-01-24,12,459.0,2072.0,848.420594059406,619.0,1.1973523127953876,0.9193587119984733
565,2021-01-24,13,2787,2021-01-24,13,543.0,2244.0,854.0887212643678,632.0,1.191687777975441,0.8987749963227999
566,2021-01-24,14,3001,2021-01-24,14,600.0,2401.0,855.2039385847797,620.5,1.1645680775176994,0.8767085463916316
567,2021-01-24,15,2764,2021-01-24,15,450.0,2314.0,847.4088437839797,625.0,1.1486974900559748,0.879048839609391
568,2021-01-24,16,2546,2021-01-24,16,386.0,2160.0,795.9059795436664,576.5,1.0976779550069584,0.8300731937838
569,2021-01-24,17,1960,2021-01-24,17,255.0,1705.0,783.0112474437627,570.0,1.069987020901314,0.8102054341304052
570,2021-01-24,18,1589,2021-01-24,18,236.0,1353.0,728.2813089993707,529.0,1.0432429658071767,0.7722139481118165
571,2021-01-24,19,1118,2021-01-24,19,180.0,938.0,749.0771300448431,519.0,1.0122621301301549,0.7241549106608021
572,2021-01-24,20,806,2021-01-24,20,110.0,696.0,684.3885429638855,491.0,0.9161061914244452,0.699926715956285
573,2021-01-24,21,585,2021-01-24,21,66.0,519.0,692.5557461406518,477.0,0.9718282526227874,0.734093921269874
574,2021-01-24,22,522,2021-01-24,22,86.0,436.0,664.816091954023,469.5,1.0438062791937721,0.795437794147297
575,2021-01-24,23,302,2021-01-24,23,46.0,256.0,661.384105960265,450.5,1.0437423010484674,0.7208844158113121
576,2021-01-25,0,150,2021-01-25,0,21.0,129.0,675.2333333333333,411.0,0.9352512732686165,0.6982240942127738
577,2021-01-25,1,77,2021-01-25,1,24.0,53.0,893.5657894736842,548.5,1.0267184699352836,0.6959891037869783
578,2021-01-25,2,53,2021-01-25,2,8.0,45.0,649.6730769230769,383.5,0.9844741078357861,0.7061418518155123
579,2021-01-25,3,44,2021-01-25,3,12.0,32.0,949.9090909090909,793.5,1.2668712257536425,0.772161082802975
580,2021-01-25,4,74,2021-01-25,4,18.0,56.0,707.6891891891892,538.5,1.4725979911770672,0.9901342402063924
581,2021-01-25,5,303,2021-01-25,5,17.0,286.0,544.5874587458746,401.0,1.0681363681228992,0.8331371357717161
582,2021-01-25,6,963,2021-01-25,6,69.0,894.0,589.8523908523908,462.0,1.1428770801722823,0.8825475318073921
583,2021-01-25,7,1838,2021-01-25,7,111.0,1727.0,668.8786064235167,506.0,1.2340263653477832,0.9287586703592671
584,2021-01-25,8,2591,2021-01-25,8,192.0,2399.0,688.9826254826255,541.0,1.1907118975582702,0.9182234100142567
585,2021-01-25,9,2038,2021-01-25,9,182.0,1856.0,678.0476424361493,519.0,1.1607303422425543,0.8806897954658586
586,2021-01-25,10,1480,2021-01-25,10,154.0,1326.0,743.6108108108108,575.5,1.1744530823013866,0.8873672330283577
587,2021-01-25,11,1610,2021-01-25,11,165.0,1445.0,749.9241293532339,540.0,1.0734380235115948,0.8132466502444264
588,2021-01-25,12,1967,2021-01-25,12,242.0,1725.0,734.7506361323155,523.0,1.036775067683857,0.7821742891121141
589,2021-01-25,13,2288,2021-01-25,13,250.0,2038.0,730.3436952714536,537.0,1.0183596851312386,0.7600090645976638
590,2021-01-25,14,2488,2021-01-25,14,282.0,2206.0,758.0688128772636,536.0,1.0817535720691165,0.8145330379357424
591,2021-01-25,15,2785,2021-01-25,15,373.0,2412.0,782.6333572969087,562.0,1.1165233235723153,0.8310907898717461
592,2021-01-25,16,3148,2021-01-25,16,422.0,2726.0,818.256287806431,593.0,1.1475264448714393,0.8618001183666117
593,2021-01-25,17,3602,2021-01-25,17,346.0,3256.0,740.6767564565398,557.0,1.1629608954731139,0.8757337557474292
594,2021-01-25,18,3171,2021-01-25,18,341.0,2830.0,720.6059362172402,547.0,1.156263103486046,0.8845085434834
595,2021-01-25,19,2217,2021-01-25,19,265.0,1952.0,730.0081300813008,536.5,1.0892933303423373,0.845557007731511
596,2021-01-25,20,1386,2021-01-25,20,175.0,1211.0,688.1453362255966,494.0,1.0550443536804759,0.7867499673475578
597,2021-01-25,21,823,2021-01-25,21,112.0,711.0,676.1058394160584,483.0,1.021413750642198,0.7756036398006605
598,2021-01-25,22,611,2021-01-25,22,88.0,523.0,729.1669394435352,509.0,1.1237879615420066,0.8314160771857082
599,2021-01-25,23,353,2021-01-25,23,61.0,292.0,748.5625,537.0,1.1141503169436726,0.8361563726085948
600,2021-01-26,0,222,2021-01-26,0,41.0,181.0,697.3243243243244,438.0,0.9337962935553223,0.6840311025949043
601,2021-01-26,1,118,2021-01-26,1,24.0,94.0,735.8290598290598,378.0,1.0849469072646925,0.6507809589377014
602,2021-01-26,2,99,2021-01-26,2,15.0,84.0,657.4040404040404,449.0,0.9691291817036857,0.5938856398966076
603,2021-01-26,3,69,2021-01-26,3,8.0,61.0,376.9710144927536,146.0,0.6954694795689674,0.10467264608476372
604,2021-01-26,4,131,2021-01-26,4,18.0,113.0,581.8396946564885,362.0,1.1644804756418816,0.6568784601943354
605,2021-01-26,5,384,2021-01-26,5,25.0,359.0,555.8828125,392.5,1.096397012272253,0.810266295641749
606,2021-01-26,6,1119,2021-01-26,6,72.0,1047.0,604.8900804289544,457.0,1.1699360839083475,0.8928619326885447
607,2021-01-26,7,2156,2021-01-26,7,122.0,2034.0,688.7855153203343,530.5,1.2756610073489003,0.9761548180300191
608,2021-01-26,8,2996,2021-01-26,8,216.0,2780.0,711.4488636363636,557.0,1.2663613278974102,0.9809696985350194
609,2021-01-26,9,2289,2021-01-26,9,187.0,2102.0,688.8223194748359,524.0,1.1606063381407155,0.8837107211375446
610,2021-01-26,10,1695,2021-01-26,10,160.0,1535.0,716.9197166469894,522.5,1.1153832963168364,0.842181211993966
611,2021-01-26,11,1469,2021-01-26,11,141.0,1328.0,711.8480926430518,527.5,1.0700636347086845,0.7977004514404229
612,2021-01-26,12,1213,2021-01-26,12,116.0,1097.0,714.7930750206101,510.0,1.0026273224461686,0.7495138100474557
613,2021-01-26,13,1188,2021-01-26,13,112.0,1076.0,722.732097725358,513.0,0.978115166627406,0.746766764118636
614,2021-01-26,14,1448,2021-01-26,14,129.0,1319.0,691.7230662983426,522.5,1.0296537754839237,0.7822524977835315
615,2021-01-26,15,1388,2021-01-26,15,141.0,1247.0,673.054794520548,523.0,1.0484702862018813,0.8145556187387151
616,2021-01-26,16,1846,2021-01-26,16,167.0,1679.0,719.3532284319045,535.0,1.0973126354715317,0.8388433320542039
617,2021-01-26,17,1880,2021-01-26,17,156.0,1724.0,700.6620542841937,556.0,1.1421732598816485,0.8856496893645058
618,2021-01-26,18,1921,2021-01-26,18,161.0,1760.0,726.9489583333333,538.5,1.129659849020636,0.860049262407453
619,2021-01-26,19,1409,2021-01-26,19,119.0,1290.0,670.7796730632551,495.0,1.0229762038991266,0.7818236679495769
620,2021-01-26,20,1075,2021-01-26,20,110.0,965.0,664.408201304753,482.0,1.0277111310833467,0.7658768046608195
621,2021-01-26,21,532,2021-01-26,21,68.0,464.0,689.7800751879699,494.0,1.0272826329567721,0.7849358501995578
622,2021-01-26,22,465,2021-01-26,22,59.0,406.0,672.2672413793103,437.5,1.0024260541343744,0.7227075132710491
623,2021-01-26,23,263,2021-01-26,23,36.0,227.0,628.2053231939163,442.0,1.0928486579495829,0.8417169280669589
624,2021-01-27,0,173,2021-01-27,0,35.0,138.0,692.7167630057803,442.0,0.969999014996842,0.7434645289278731
625,2021-01-27,1,90,2021-01-27,1,20.0,70.0,816.5280898876405,555.0,1.3697091612514665,0.9427152899658746
626,2021-01-27,2,64,2021-01-27,2,15.0,49.0,774.921875,553.5,1.3311269460266582,0.9647225895263809
627,2021-01-27,3,40,2021-01-27,3,9.0,31.0,672.575,468.5,0.9645189908545764,0.8165054888998069
628,2021-01-27,4,84,2021-01-27,4,12.0,72.0,686.0952380952381,499.5,1.2955478665147329,0.9705663725240455
629,2021-01-27,5,316,2021-01-27,5,14.0,302.0,576.6139240506329,405.0,1.170278924094065,0.8580431750514356
630,2021-01-27,6,1093,2021-01-27,6,69.0,1024.0,620.2234432234433,487.5,1.221068558265409,0.9723217501035315
631,2021-01-27,7,2108,2021-01-27,7,114.0,1994.0,698.3062678062678,536.5,1.2766671366376747,0.9452790167811926
632,2021-01-27,8,2934,2021-01-27,8,208.0,2726.0,744.2525562372189,591.5,1.311371904422472,1.0246608804152002
633,2021-01-27,9,2253,2021-01-27,9,191.0,2062.0,737.8646249445184,558.0,1.2244665730134678,0.9392732216772146
634,2021-01-27,10,1749,2021-01-27,10,182.0,1567.0,732.9364625071552,548.0,1.1555532779561268,0.8543847190176713
635,2021-01-27,11,1821,2021-01-27,11,177.0,1644.0,750.9065420560747,541.0,1.1001261053362243,0.8246525507906226
636,2021-01-27,12,2207,2021-01-27,12,246.0,1961.0,734.2000907441017,541.0,1.054620972811186,0.8117356618124453
637,2021-01-27,13,2436,2021-01-27,13,307.0,2129.0,774.7778691896339,559.0,1.1233737804556239,0.8269436457407309
638,2021-01-27,14,2555,2021-01-27,14,292.0,2263.0,742.7503918495298,535.0,1.095970109719651,0.8199789357225922
639,2021-01-27,15,2858,2021-01-27,15,317.0,2541.0,769.3615680784039,561.0,1.140061502520431,0.8672324387807863
640,2021-01-27,16,3182,2021-01-27,16,357.0,2825.0,802.3661528782636,589.0,1.1755241214846865,0.8894363537219339
641,2021-01-27,17,3730,2021-01-27,17,407.0,3323.0,759.8835212023617,586.0,1.2175684142440075,0.9277463099406064
642,2021-01-27,18,3368,2021-01-27,18,340.0,3028.0,750.653983353151,587.0,1.1882867713772078,0.9163532984440452
643,2021-01-27,19,2421,2021-01-27,19,258.0,2163.0,723.8916459884202,544.5,1.153605671520952,0.8726853289839609
644,2021-01-27,20,1477,2021-01-27,20,160.0,1317.0,743.2165648336728,512.0,1.0893945706850845,0.8133160328102258
645,2021-01-27,21,887,2021-01-27,21,108.0,779.0,672.6730552423901,497.0,1.0697784083911464,0.8288956392213443
646,2021-01-27,22,695,2021-01-27,22,99.0,596.0,667.7395683453237,514.0,1.1236389138855811,0.8765995969767718
647,2021-01-27,23,441,2021-01-27,23,79.0,362.0,756.9070294784581,495.0,1.1783563719370589,0.84874049064256
648,2021-01-28,0,251,2021-01-28,0,39.0,212.0,694.3373493975904,433.0,1.0281503831272873,0.7141972182502069
649,2021-01-28,1,129,2021-01-28,1,31.0,98.0,711.6589147286821,439.0,1.0082562560170003,0.7025220161104184
650,2021-01-28,2,69,2021-01-28,2,13.0,56.0,578.0579710144928,481.0,1.0364846810450055,0.7643702994600113
651,2021-01-28,3,47,2021-01-28,3,12.0,35.0,619.1489361702128,442.0,0.9800851183139793,0.679498697217556
652,2021-01-28,4,85,2021-01-28,4,24.0,61.0,782.1882352941177,639.0,1.4235691455024777,1.0610701569953092
653,2021-01-28,5,303,2021-01-28,5,19.0,284.0,582.9108910891089,398.0,1.121218199580038,0.8454818465463453
654,2021-01-28,6,1100,2021-01-28,6,64.0,1036.0,620.3345454545455,488.0,1.2290611066123571,0.9502913598165652
655,2021-01-28,7,1890,2021-01-28,7,106.0,1784.0,692.3684489147697,535.0,1.261133898603678,0.9605468073342178
656,2021-01-28,8,2784,2021-01-28,8,180.0,2604.0,699.3912261776339,554.0,1.2568602462174157,0.9737162432777511
657,2021-01-28,9,2149,2021-01-28,9,165.0,1984.0,686.6460176991151,518.0,1.1731255794798956,0.9128484103389694
658,2021-01-28,10,1698,2021-01-28,10,147.0,1551.0,705.4670200235571,525.0,1.1182633093320191,0.8499477866244272
659,2021-01-28,11,905,2021-01-28,11,114.0,791.0,727.0011061946902,551.0,1.094437081321697,0.8386561163965737
660,2021-01-28,11,784,2021-01-28,11,83.0,701.0,731.6143039591316,534.0,1.0802765655910282,0.8441309033791484
661,2021-01-28,12,1998,2021-01-28,12,200.0,1798.0,709.9208416833667,511.0,1.0040095457056,0.7427761673772819
662,2021-01-28,13,2237,2021-01-28,13,253.0,1984.0,704.0192221725525,512.0,1.0154697210433725,0.7343112845521461
663,2021-01-28,14,2294,2021-01-28,14,250.0,2044.0,725.8787085514834,550.0,1.0763933230805285,0.8182856554058323
664,2021-01-28,15,2551,2021-01-28,15,296.0,2255.0,743.4094117647059,564.0,1.1046091392181465,0.8361935920531619
665,2021-01-28,16,2780,2021-01-28,16,288.0,2492.0,753.1291366906474,568.0,1.1286674471673355,0.8452526066420571
666,2021-01-28,17,3073,2021-01-28,17,260.0,2813.0,734.7037760416666,562.0,1.142891204421276,0.882404901189249
667,2021-01-28,18,2738,2021-01-28,18,261.0,2477.0,698.4559092572265,537.0,1.110541501275375,0.8415000693715695
668,2021-01-28,19,1891,2021-01-28,19,198.0,1693.0,651.4517497348886,486.0,1.0104117708556652,0.7697374553356425
669,2021-01-28,20,1094,2021-01-28,20,110.0,984.0,649.1508226691042,467.0,0.9566149848647237,0.7146224040446647
670,2021-01-28,21,635,2021-01-28,21,67.0,568.0,633.9525316455696,431.5,0.9255194820688947,0.6833242650733519
671,2021-01-28,22,390,2021-01-28,22,40.0,350.0,603.9948453608248,464.0,0.9406546716307076,0.7365546931587537
672,2021-01-28,23,262,2021-01-28,23,49.0,213.0,607.616858237548,403.0,0.9998728670012181,0.7588521841688296
673,2021-01-29,0,193,2021-01-29,0,39.0,154.0,695.1036269430052,459.0,1.0787941231945228,0.8335486279894144
674,2021-01-29,1,72,2021-01-29,1,22.0,50.0,685.9027777777778,612.5,1.1434981000967381,0.7962035590176624
675,2021-01-29,2,38,2021-01-29,2,1.0,37.0,504.86842105263156,374.5,0.7275159275417118,0.5321593959465414
676,2021-01-29,3,34,2021-01-29,3,9.0,25.0,591.8823529411765,434.0,1.0174343764645304,0.6675378819784931
677,2021-01-29,4,55,2021-01-29,4,8.0,47.0,656.3272727272728,473.0,1.2152599518993157,0.9449218996980386
678,2021-01-29,5,208,2021-01-29,5,17.0,191.0,505.2067307692308,350.0,0.9572776730790733,0.6933422300735401
679,2021-01-29,6,719,2021-01-29,6,41.0,678.0,556.6615598885794,434.5,1.0806302196551916,0.8532099571160314
680,2021-01-29,7,1114,2021-01-29,7,56.0,1058.0,612.0143755615454,477.0,1.098447127323126,0.8102147873701298
681,2021-01-29,8,1686,2021-01-29,8,126.0,1560.0,653.1828978622328,488.5,1.0941426372401961,0.8612939597932562
682,2021-01-29,9,1321,2021-01-29,9,93.0,1228.0,612.24033358605,465.0,1.0099041451556396,0.7740218213210265
683,2021-01-29,10,1111,2021-01-29,10,77.0,1034.0,646.7263726372637,457.0,1.002894349635588,0.7256101836859099
684,2021-01-29,11,1108,2021-01-29,11,110.0,998.0,646.547833935018,470.5,0.9389786631480085,0.7139138894429591
685,2021-01-29,12,1318,2021-01-29,12,133.0,1185.0,661.2629179331307,458.0,0.8964892806992195,0.6798309652760799
686,2021-01-29,13,1493,2021-01-29,13,143.0,1350.0,687.3118712273642,477.0,0.9339525419125849,0.6830516139299743
687,2021-01-29,14,1642,2021-01-29,14,187.0,1455.0,677.6823457544289,505.0,0.9415750703728688,0.7301763307406681
688,2021-01-29,15,1805,2021-01-29,15,195.0,1610.0,683.7043815862452,496.0,0.9880919344688939,0.7318074751481465
689,2021-01-29,16,2060,2021-01-29,16,210.0,1850.0,678.6444552529183,491.0,1.0033380128485512,0.7652101732920968
690,2021-01-29,17,2233,2021-01-29,17,208.0,2025.0,682.0492831541219,510.5,1.0456603828429214,0.7807037862759528
691,2021-01-29,18,1831,2021-01-29,18,190.0,1641.0,672.3260513380666,510.0,0.9973282298787984,0.7851645971739455
692,2021-01-29,19,1437,2021-01-29,19,148.0,1289.0,640.8096234309623,485.0,0.9351067157852275,0.7469520263517465
693,2021-01-29,20,920,2021-01-29,20,93.0,827.0,622.4145810663765,452.0,0.869721184077078,0.6599369293717408
694,2021-01-29,21,501,2021-01-29,21,74.0,427.0,669.478,451.5,0.8466206975359908,0.6479977206993156
695,2021-01-29,22,375,2021-01-29,22,37.0,338.0,662.0826666666667,450.0,0.988992582543806,0.7238344193434159
696,2021-01-29,23,292,2021-01-29,23,40.0,252.0,600.4075342465753,392.5,0.9662701345405028,0.7087128225066468
697,2021-01-30,0,204,2021-01-30,0,28.0,176.0,593.9803921568628,424.0,0.9657272845133168,0.7421475934205891
698,2021-01-30,1,139,2021-01-30,1,39.0,100.0,671.0434782608696,523.5,1.1644957239262808,0.9109858597169824
699,2021-01-30,2,75,2021-01-30,2,15.0,60.0,598.7162162162163,519.0,1.1707714181463191,0.8593239034793928
700,2021-01-30,3,69,2021-01-30,3,9.0,60.0,646.5652173913044,508.0,1.2403100164760816,0.7138906898019365
701,2021-01-30,4,59,2021-01-30,4,9.0,50.0,535.5762711864406,377.0,0.8601012622324434,0.5391423906881725
702,2021-01-30,5,72,2021-01-30,5,5.0,67.0,542.9305555555555,406.0,1.1056359207484783,0.7366188842133594
703,2021-01-30,6,224,2021-01-30,6,19.0,205.0,549.4375,407.5,1.0750535033542754,0.7280579574450246
704,2021-01-30,7,388,2021-01-30,7,30.0,358.0,599.8788659793814,428.0,0.9555076579438224,0.7190994968583249
705,2021-01-30,8,688,2021-01-30,8,75.0,613.0,605.7107558139535,439.0,1.0355504536417677,0.7592698887092171
706,2021-01-30,9,1115,2021-01-30,9,114.0,1001.0,650.3504043126685,471.0,1.012743192038634,0.7739765790327101
707,2021-01-30,10,1524,2021-01-30,10,201.0,1323.0,721.3265440210249,489.0,1.0412989278965217,0.7610312170299016
708,2021-01-30,11,1891,2021-01-30,11,258.0,1633.0,792.4431517715494,558.0,1.1372090784202433,0.8645190671543113
709,2021-01-30,12,2340,2021-01-30,12,331.0,2009.0,769.691484809585,562.0,1.0872387049594938,0.8175211984856398
710,2021-01-30,13,2616,2021-01-30,13,390.0,2226.0,811.591727307545,609.0,1.1426775743666973,0.8570781140445372
711,2021-01-30,14,2746,2021-01-30,14,523.0,2223.0,885.95434623813,622.0,1.195554171041126,0.8885595011647269
712,2021-01-30,15,2914,2021-01-30,15,477.0,2437.0,858.815934065934,627.0,1.1207522388309223,0.8580218139866986
713,2021-01-30,16,2715,2021-01-30,16,421.0,2294.0,822.2363367799114,601.0,1.0869988165455864,0.8279389714887314
714,2021-01-30,17,2149,2021-01-30,17,350.0,1799.0,784.0581936685288,566.0,1.058476264411613,0.7958583256396514
715,2021-01-30,18,1660,2021-01-30,18,249.0,1411.0,754.6517803258902,555.0,1.0578506132212595,0.8022442863988775
716,2021-01-30,19,1247,2021-01-30,19,171.0,1076.0,741.74859437751,537.0,1.001853590066539,0.7256964990867568
717,2021-01-30,20,900,2021-01-30,20,132.0,768.0,745.1326644370123,545.0,0.977197588850968,0.7175666363231207
718,2021-01-30,21,581,2021-01-30,21,105.0,476.0,776.4532871972318,502.5,0.9953794074576221,0.7005061747371418
719,2021-01-30,22,527,2021-01-30,22,97.0,430.0,754.1252371916509,473.0,1.0293440326976648,0.7642181061415688
720,2021-01-30,23,487,2021-01-30,23,74.0,413.0,670.8742268041237,422.0,0.9415880046007192,0.6910105544053534
721,2021-01-31,0,370,2021-01-31,0,68.0,302.0,680.5760869565217,455.0,1.004847261690897,0.7562706530744269
722,2021-01-31,1,226,2021-01-31,1,50.0,176.0,706.7964601769911,474.0,1.256773237456046,0.8942890745597226
723,2021-01-31,2,142,2021-01-31,2,37.0,105.0,622.2198581560284,441.0,0.9472946888717282,0.688114503257114
724,2021-01-31,3,97,2021-01-31,3,25.0,72.0,596.0927835051547,396.0,0.8289224449491703,0.523634787520162
725,2021-01-31,4,73,2021-01-31,4,16.0,57.0,746.6164383561644,457.0,1.203463310991804,0.7343112845521461
726,2021-01-31,5,58,2021-01-31,5,10.0,48.0,678.4736842105264,455.0,1.367306710615914,0.9781933982557842
727,2021-01-31,6,200,2021-01-31,6,32.0,168.0,603.6818181818181,429.0,1.1546077058089637,0.819869305911436
728,2021-01-31,7,312,2021-01-31,7,29.0,283.0,508.56410256410254,356.5,0.9219865415084931,0.7239180015098235
729,2021-01-31,8,585,2021-01-31,8,46.0,539.0,581.9965753424658,408.5,0.9150449705049645,0.6766405214411824
730,2021-01-31,9,958,2021-01-31,9,86.0,872.0,652.581589958159,462.0,1.04475834587868,0.7241750546665218
731,2021-01-31,10,1397,2021-01-31,10,159.0,1238.0,686.0293486041518,494.0,1.043294056150665,0.770171391319224
732,2021-01-31,11,1851,2021-01-31,11,266.0,1585.0,720.0475932936722,521.0,1.0559016217167592,0.812106036852961
733,2021-01-31,12,2196,2021-01-31,12,319.0,1877.0,739.9680511182108,540.0,1.0656560831310098,0.8120185131057238
734,2021-01-31,13,2348,2021-01-31,13,327.0,2021.0,763.3188220230473,545.0,1.063862748153264,0.8130452683683546
735,2021-01-31,14,2414,2021-01-31,14,364.0,2050.0,778.52716715056,555.0,1.0412956609896764,0.8033287913973778
736,2021-01-31,15,2404,2021-01-31,15,290.0,2114.0,729.9233333333333,523.0,1.018979141343857,0.7658473399546393
737,2021-01-31,16,1986,2021-01-31,16,228.0,1758.0,716.5382678751258,532.0,1.0330972125920852,0.7880070784139694
738,2021-01-31,17,1590,2021-01-31,17,179.0,1411.0,696.7356828193832,506.0,0.9488304255309759,0.7258004459877421
739,2021-01-31,18,1052,2021-01-31,18,84.0,968.0,704.5784966698383,503.0,0.9530715934047537,0.7243633782584809
740,2021-01-31,19,619,2021-01-31,19,61.0,558.0,697.7249190938511,470.5,0.8711961552851616,0.6356207748231686
741,2021-01-31,20,369,2021-01-31,20,36.0,333.0,729.0731707317074,531.0,0.8703733379181852,0.7174390320909959
742,2021-01-31,21,205,2021-01-31,21,18.0,187.0,783.7843137254902,529.0,0.8315386069717238,0.6374550109817407
743,2021-01-31,22,165,2021-01-31,22,18.0,147.0,803.2012195121952,581.5,0.9113940516125855,0.6519578979237916
744,2021-01-31,23,106,2021-01-31,23,14.0,92.0,693.1132075471698,515.5,0.8602845765830668,0.6085662077064916
